ID,date,value,CO2,temp,outT,TSV,adapt_comf
0,2024-07-01 01:00:00,2.1,445.0,22.4,14.7,0.7,0
1,2024-07-01 02:00:00,2.1,441.0,22.5,14.7,0.7,0
2,2024-07-01 03:00:00,2.1,442.0,22.4,14.3,0.7,0
3,2024-07-01 04:00:00,2.1,435.0,22.3,14.5,0.7,0
4,2024-07-01 05:00:00,2.1,433.0,22.2,14.2,0.7,0
5,2024-07-01 06:00:00,2.1,438.0,22.1,13.9,0.6,0
6,2024-07-01 07:00:00,1.91,449.0,22.1,14.0,0.6,0
7,2024-07-01 08:00:00,2.0524999999999998,451.0,22.1,14.6,0.7,0
8,2024-07-01 09:00:00,2.1,445.0,22.0,16.8,0.7,0
9,2024-07-01 10:00:00,2.16,441.0,22.0,16.8,0.7,0
10,2024-07-01 11:00:00,2.2,443.0,21.9,17.6,0.7,0
11,2024-07-01 12:00:00,2.36,441.0,21.8,17.7,0.7,1
12,2024-07-01 13:00:00,2.2,437.0,21.8,18.8,0.7,1
13,2024-07-01 14:00:00,2.39,434.0,21.7,18.8,0.7,1
14,2024-07-01 15:00:00,2.2,435.0,21.5,19.1,0.7,1
15,2024-07-01 16:00:00,2.41,441.0,21.5,19.2,0.7,1
16,2024-07-01 17:00:00,2.2,458.0,21.4,19.1,0.3,1
17,2024-07-01 18:00:00,2.2,467.0,21.5,18.7,0.7,1
18,2024-07-01 19:00:00,2.2,473.0,21.5,17.7,0.7,1
19,2024-07-01 20:00:00,2.2,459.0,21.5,17.0,0.7,0
20,2024-07-01 21:00:00,2.2,457.0,21.7,17.3,0.7,0
21,2024-07-01 22:00:00,2.2,458.0,21.8,17.4,0.7,0
22,2024-07-01 23:00:00,2.2,448.0,21.9,17.3,0.7,0
23,2024-07-02 00:00:00,2.2,449.0,22.1,16.9,0.7,0
24,2024-07-02 01:00:00,2.2,447.0,22.1,17.0,0.7,0
25,2024-07-02 02:00:00,2.2,451.0,22.1,16.8,0.7,0
26,2024-07-02 03:00:00,2.2,445.0,21.9,16.5,0.7,0
27,2024-07-02 04:00:00,2.2,442.0,21.7,15.0,0.7,0
28,2024-07-02 05:00:00,2.2,442.0,21.7,14.1,0.7,0
29,2024-07-02 06:00:00,2.2,443.0,21.7,13.3,0.6,0
30,2024-07-02 07:00:00,2.05,445.0,21.7,12.9,0.7,0
31,2024-07-02 08:00:00,2.94,442.0,21.7,12.7,0.8,0
32,2024-07-02 09:00:00,2.32,439.0,21.7,12.9,0.7,0
33,2024-07-02 10:00:00,2.1,436.0,21.7,13.1,0.7,0
34,2024-07-02 11:00:00,2.16,433.0,21.7,13.7,0.7,0
35,2024-07-02 13:00:00,2.15,436.0,21.4,14.3,0.3,0
36,2024-07-02 14:00:00,2.05,435.0,21.3,13.8,0.1,0
37,2024-07-02 15:00:00,2.26,442.0,21.1,15.0,0.2,1
38,2024-07-02 16:00:00,2.21,447.0,21.0,16.1,0.2,1
39,2024-07-02 17:00:00,1.9,455.0,20.9,18.0,0.3,1
40,2024-07-02 18:00:00,2.08,465.0,21.0,17.3,0.2,1
41,2024-07-02 19:00:00,1.79,494.0,21.1,17.6,0.2,1
42,2024-07-02 20:00:00,1.88,467.0,21.3,16.8,0.3,0
43,2024-07-02 21:00:00,1.9,456.0,21.4,16.8,0.3,0
44,2024-07-02 22:00:00,2.04,478.0,21.5,16.3,0.7,0
45,2024-07-02 23:00:00,1.8,461.0,21.5,16.1,0.7,0
46,2024-07-03 00:00:00,1.9,465.0,21.4,15.3,0.3,0
47,2024-07-03 01:00:00,1.94,464.0,21.4,15.0,0.3,0
48,2024-07-03 02:00:00,1.8,459.0,21.7,15.1,0.7,0
49,2024-07-03 03:00:00,1.8,463.0,21.8,15.1,0.7,0
50,2024-07-03 04:00:00,1.8,458.0,21.8,15.0,0.7,0
51,2024-07-03 05:00:00,1.8,465.0,21.8,14.4,0.7,0
52,2024-07-03 06:00:00,1.8,472.0,21.8,13.2,0.7,0
53,2024-07-03 07:00:00,1.82,465.0,21.6,13.2,0.7,0
54,2024-07-03 08:00:00,2.66,473.0,21.7,13.1,0.7,0
55,2024-07-03 09:00:00,2.07,476.0,21.7,12.6,0.8,0
56,2024-07-03 10:00:00,2.23,471.0,21.6,13.2,0.7,0
57,2024-07-03 11:00:00,2.36,465.0,21.6,14.5,0.7,0
58,2024-07-03 12:00:00,2.1,456.0,21.6,14.7,0.7,0
59,2024-07-03 13:00:00,2.21,458.0,21.6,15.6,0.7,0
60,2024-07-03 14:00:00,1.9,449.0,21.5,16.2,0.7,1
61,2024-07-03 15:00:00,2.03,447.0,21.3,16.8,0.3,1
62,2024-07-03 16:00:00,1.8,479.0,21.2,18.2,0.3,1
63,2024-07-03 17:00:00,2.03,476.0,21.1,18.7,0.2,1
64,2024-07-03 18:00:00,1.84,457.0,21.1,18.4,0.2,1
65,2024-07-03 19:00:00,1.92,444.0,21.3,18.0,0.3,1
66,2024-07-03 20:00:00,1.86,447.0,21.4,17.9,0.3,1
67,2024-07-03 21:00:00,2.3,450.0,21.6,18.2,0.7,1
68,2024-07-03 22:00:00,2.18,451.0,21.6,18.4,0.7,0
69,2024-07-03 23:00:00,2.16,452.0,21.7,18.2,0.7,0
70,2024-07-04 00:00:00,2.1,460.0,21.7,17.5,0.7,0
71,2024-07-04 01:00:00,2.1,459.0,21.7,17.0,0.7,0
72,2024-07-04 02:00:00,2.1,459.0,21.7,16.2,0.7,0
73,2024-07-04 03:00:00,2.1,454.0,21.7,15.1,0.7,0
74,2024-07-04 04:00:00,2.1,462.0,21.7,14.2,0.7,0
75,2024-07-04 05:00:00,2.1,446.0,21.7,13.1,0.7,0
76,2024-07-04 06:00:00,2.1,459.0,21.7,12.7,0.8,0
77,2024-07-04 07:00:00,1.97,455.0,21.7,13.5,0.7,0
78,2024-07-04 08:00:00,2.93,447.0,21.6,13.6,0.7,0
79,2024-07-04 09:00:00,2.2,440.0,21.5,14.3,0.7,0
80,2024-07-04 10:00:00,2.2,438.0,21.5,14.9,0.7,0
81,2024-07-04 11:00:00,2.2,438.0,21.4,15.6,0.3,0
82,2024-07-04 12:00:00,2.2,438.0,21.3,16.3,0.3,1
83,2024-07-04 13:00:00,2.2,439.0,21.2,16.7,0.3,1
84,2024-07-04 14:00:00,2.2,442.0,21.0,17.2,0.2,1
85,2024-07-04 15:00:00,2.2,449.0,20.7,17.1,0.4,1
86,2024-07-04 16:00:00,0.91,457.0,20.6,17.5,0.4,1
87,2024-07-04 17:00:00,2.01,450.0,20.5,17.4,0.5,1
88,2024-07-04 18:00:00,2.12,454.0,20.5,16.7,0.5,1
89,2024-07-05 02:00:00,2.31,457.0,21.5,14.3,0.7,0
90,2024-07-05 03:00:00,2.48,447.0,21.5,13.8,0.6,0
91,2024-07-05 04:00:00,2.18,443.0,21.5,13.6,0.7,0
92,2024-07-05 05:00:00,2.2,446.0,21.5,13.6,0.7,0
93,2024-07-05 06:00:00,2.2,451.0,21.4,13.6,0.1,0
94,2024-07-05 07:00:00,1.8,457.0,21.4,13.4,0.1,0
95,2024-07-05 08:00:00,3.09,455.0,21.3,13.8,0.1,0
96,2024-07-05 09:00:00,2.1,453.0,21.3,14.9,0.3,1
97,2024-07-05 10:00:00,1.82,450.0,21.3,15.6,0.3,1
98,2024-07-05 11:00:00,2.04,443.0,21.3,17.2,0.3,1
99,2024-07-05 12:00:00,1.8,442.0,21.2,19.1,0.3,1
100,2024-07-05 13:00:00,2.04,447.0,21.2,21.1,0.3,1
101,2024-07-05 14:00:00,1.8,445.0,21.2,22.0,0.3,1
102,2024-07-05 15:00:00,1.91,449.0,21.2,21.3,0.3,1
103,2024-07-05 16:00:00,1.7,495.0,21.2,20.8,0.3,1
104,2024-07-05 17:00:00,1.98,455.0,21.1,20.2,0.2,1
105,2024-07-05 18:00:00,1.89,452.0,21.1,19.6,0.2,1
106,2024-07-05 19:00:00,1.9,455.0,21.2,17.9,0.3,1
107,2024-07-05 20:00:00,1.8,449.0,21.6,18.0,0.7,0
108,2024-07-05 21:00:00,1.8,453.0,21.7,17.1,0.7,0
109,2024-07-05 22:00:00,1.8,467.0,21.8,17.1,0.7,0
110,2024-07-05 23:00:00,1.8,458.0,22.0,17.2,0.7,0
111,2024-07-06 00:00:00,1.8,452.0,21.9,17.1,0.7,0
112,2024-07-06 01:00:00,1.8,421.0,22.3,17.2,0.7,0
113,2024-07-06 02:00:00,1.8,426.0,22.4,16.8,0.7,0
114,2024-07-06 03:00:00,1.8,432.0,22.4,14.4,0.7,0
115,2024-07-06 04:00:00,1.8,428.0,22.2,14.9,0.7,0
116,2024-07-06 05:00:00,1.8,464.0,22.0,15.7,0.7,0
117,2024-07-06 06:00:00,1.8,516.0,21.6,16.0,0.7,0
118,2024-07-06 07:00:00,1.64,489.0,21.5,15.1,0.7,0
119,2024-07-06 08:00:00,2.17,476.0,21.5,14.3,0.7,0
120,2024-07-06 16:00:00,1.84,463.0,20.9,13.8,0.1,0
121,2024-07-06 17:00:00,2.26,461.0,20.7,14.5,0.4,0
122,2024-07-06 18:00:00,1.77,431.0,20.7,14.0,0.4,0
123,2024-07-06 19:00:00,1.96,424.0,20.7,14.0,0.4,0
124,2024-07-06 20:00:00,1.85,426.0,20.6,14.2,0.4,0
125,2024-07-06 21:00:00,1.71,424.0,20.6,14.2,0.4,0
126,2024-07-06 22:00:00,1.5,422.0,20.6,13.8,0.4,0
127,2024-07-06 23:00:00,1.69,421.0,20.6,13.4,0.4,0
128,2024-07-07 00:00:00,1.96,420.0,20.7,12.9,0.4,0
129,2024-07-07 01:00:00,2.16,422.0,20.9,12.0,0.6,0
130,2024-07-07 02:00:00,2.04,422.0,21.3,11.5,0.0,0
131,2024-07-07 03:00:00,2.1,450.0,21.1,11.5,0.2,0
132,2024-07-07 04:00:00,2.17,448.0,21.1,11.3,0.2,0
133,2024-07-07 05:00:00,2.01,445.0,21.1,11.2,0.7,0
134,2024-07-07 06:00:00,2.11,452.0,21.1,11.3,0.2,0
135,2024-07-07 07:00:00,1.92,470.0,21.1,11.9,0.6,0
136,2024-07-07 08:00:00,2.53,468.0,21.1,12.7,0.4,0
137,2024-07-07 09:00:00,2.2,460.0,21.1,14.6,0.2,0
138,2024-07-07 10:00:00,1.8,456.0,21.0,15.2,0.2,0
139,2024-07-07 11:00:00,2.27,452.0,21.0,15.3,0.2,0
140,2024-07-07 12:00:00,1.92,450.0,20.9,15.5,0.3,0
141,2024-07-07 13:00:00,1.99,451.0,20.8,15.2,0.4,0
142,2024-07-07 14:00:00,1.87,447.0,20.8,15.8,0.4,0
143,2024-07-07 15:00:00,2.02,442.0,20.6,13.5,0.4,1
144,2024-07-07 16:00:00,1.94,464.0,20.6,14.8,0.4,1
145,2024-07-07 17:00:00,1.9,450.0,20.6,16.2,0.4,1
146,2024-07-07 18:00:00,1.99,446.0,20.7,15.6,0.4,1
147,2024-07-07 19:00:00,2.06,436.0,20.8,15.1,0.4,0
148,2024-07-07 20:00:00,1.91,435.0,21.1,15.1,0.2,0
149,2024-07-07 21:00:00,1.8,446.0,21.1,14.7,0.2,0
150,2024-07-07 22:00:00,1.8,462.0,21.2,14.6,0.3,0
151,2024-07-07 23:00:00,1.8,465.0,21.2,14.4,0.3,0
152,2024-07-08 00:00:00,2.15,471.0,21.3,13.9,0.1,0
153,2024-07-08 01:00:00,2.4,499.0,21.5,13.6,0.7,0
154,2024-07-08 02:00:00,2.4,473.0,21.7,13.3,0.6,0
155,2024-07-08 03:00:00,2.38,452.0,21.7,13.0,0.7,0
156,2024-07-08 04:00:00,2.37,447.0,21.8,12.7,0.8,0
157,2024-07-08 05:00:00,2.3,454.0,21.8,12.3,0.8,0
158,2024-07-08 06:00:00,2.08,464.0,21.8,12.3,0.8,0
159,2024-07-08 07:00:00,1.92,463.0,21.6,13.3,0.6,0
160,2024-07-08 08:00:00,2.53,459.0,21.5,15.7,0.7,0
161,2024-07-08 09:00:00,1.9,456.0,21.4,17.6,0.3,1
162,2024-07-08 10:00:00,1.8,454.0,21.3,17.6,0.3,1
163,2024-07-08 11:00:00,2.03,452.0,21.3,18.0,0.3,1
164,2024-07-08 12:00:00,1.9,455.0,21.1,18.5,0.2,1
165,2024-07-08 13:00:00,2.02,458.0,21.0,18.5,0.2,1
166,2024-07-08 14:00:00,1.9,456.0,20.9,16.5,0.3,1
167,2024-07-08 15:00:00,2.01,460.0,20.8,17.9,0.4,1
168,2024-07-08 16:00:00,1.85,483.0,20.8,17.8,0.4,1
169,2024-07-08 17:00:00,1.84,481.0,20.8,17.8,0.4,1
170,2024-07-08 22:00:00,1.96,427.0,21.7,15.7,0.7,0
171,2024-07-08 23:00:00,1.5,425.0,21.7,15.1,0.7,0
172,2024-07-09 00:00:00,1.5,421.0,21.9,15.1,0.7,0
173,2024-07-09 01:00:00,1.5,421.0,21.9,15.3,0.7,0
174,2024-07-09 02:00:00,1.5,415.0,21.9,15.7,0.7,0
175,2024-07-09 03:00:00,1.5,492.0,21.3,16.0,0.3,0
176,2024-07-09 04:00:00,1.59,464.0,21.2,16.0,0.3,1
177,2024-07-09 05:00:00,2.1,461.0,21.2,16.2,0.3,1
178,2024-07-09 06:00:00,1.9,554.0,21.2,16.5,0.3,1
179,2024-07-09 07:00:00,1.39,697.0,21.1,16.8,0.2,1
180,2024-07-09 08:00:00,1.76,605.0,21.1,17.3,0.2,1
181,2024-07-09 09:00:00,1.62,529.0,21.1,18.0,0.2,1
182,2024-07-09 10:00:00,1.8,490.0,21.1,18.7,0.2,1
183,2024-07-09 11:00:00,1.87,468.0,21.1,19.3,0.2,1
184,2024-07-09 12:00:00,2.12,461.0,21.2,19.8,0.3,1
185,2024-07-09 13:00:00,1.82,463.0,21.1,20.2,0.2,1
186,2024-07-09 14:00:00,2.1,467.0,21.1,20.2,0.2,1
187,2024-07-09 15:00:00,1.74,514.0,21.1,20.0,0.2,1
188,2024-07-09 17:00:00,1.58,581.0,21.1,19.5,0.2,1
189,2024-07-09 18:00:00,1.5,465.0,21.6,20.1,0.7,1
190,2024-07-09 19:00:00,1.5,440.0,21.8,18.8,0.7,1
191,2024-07-09 20:00:00,1.5,436.0,22.0,18.7,0.7,0
192,2024-07-09 21:00:00,1.5,437.0,22.0,18.7,0.7,0
193,2024-07-09 22:00:00,1.5,437.0,22.0,18.8,0.7,0
194,2024-07-09 23:00:00,1.5,434.0,22.0,18.8,0.7,0
195,2024-07-10 00:00:00,1.5,433.0,22.0,18.3,0.7,0
196,2024-07-10 01:00:00,1.5,432.0,22.0,17.9,0.7,0
197,2024-07-10 02:00:00,1.5,425.0,22.1,17.5,0.7,0
198,2024-07-10 03:00:00,1.5,431.0,22.1,16.9,0.7,0
199,2024-07-10 04:00:00,1.5,468.0,21.5,16.5,0.7,0
200,2024-07-10 05:00:00,1.5,462.0,21.5,16.5,0.7,0
201,2024-07-10 06:00:00,1.62,478.0,21.5,16.2,0.7,0
202,2024-07-10 07:00:00,1.92,470.0,21.5,16.1,0.7,0
203,2024-07-10 08:00:00,2.57,470.0,21.5,16.5,0.7,1
204,2024-07-10 09:00:00,1.94,466.0,21.5,17.1,0.7,1
205,2024-07-10 10:00:00,1.98,457.0,21.4,18.5,0.3,1
206,2024-07-10 11:00:00,1.7,454.0,21.3,17.7,0.3,1
207,2024-07-10 12:00:00,2.02,452.0,21.3,18.0,0.3,1
208,2024-07-10 13:00:00,1.82,454.0,21.3,18.4,0.3,1
209,2024-07-10 14:00:00,1.9,451.0,21.2,19.1,0.3,1
210,2024-07-10 15:00:00,1.84,482.0,21.0,20.1,0.2,1
211,2024-07-10 17:00:00,1.8,485.0,21.0,20.8,0.2,1
212,2024-07-10 18:00:00,1.8,460.0,21.2,20.1,0.3,1
213,2024-07-10 19:00:00,1.73,417.0,21.6,19.8,0.7,1
214,2024-07-10 20:00:00,1.3,419.0,21.7,19.5,0.7,0
215,2024-07-10 21:00:00,1.3,417.0,21.8,18.9,0.7,0
216,2024-07-10 22:00:00,1.3,419.0,21.9,17.3,0.7,0
217,2024-07-10 23:00:00,1.3,418.0,21.9,16.3,0.7,0
218,2024-07-11 00:00:00,1.88,419.0,22.0,16.3,0.7,0
219,2024-07-11 01:00:00,1.9,418.0,22.0,15.8,0.7,0
220,2024-07-11 02:00:00,1.9,417.0,22.4,15.7,0.7,0
221,2024-07-11 03:00:00,1.9,465.0,21.9,15.5,0.7,0
222,2024-07-11 04:00:00,1.9,452.0,21.6,15.6,0.7,0
223,2024-07-11 05:00:00,1.9,447.0,21.5,15.4,0.7,0
224,2024-07-11 06:00:00,1.9,451.0,21.5,14.9,0.7,0
225,2024-07-11 07:00:00,1.71,459.0,21.4,15.8,0.3,1
226,2024-07-11 08:00:00,2.73,461.0,21.3,17.2,0.3,1
227,2024-07-11 09:00:00,1.92,457.0,21.3,18.3,0.3,1
228,2024-07-11 10:00:00,1.8,452.0,21.3,19.8,0.3,1
229,2024-07-11 11:00:00,1.8,453.0,21.3,20.0,0.3,1
230,2024-07-11 12:00:00,1.94,454.0,21.1,21.0,0.2,1
231,2024-07-11 13:00:00,2.02,454.0,21.1,21.3,0.2,1
232,2024-07-11 14:00:00,1.8,454.0,21.0,22.1,0.2,1
233,2024-07-11 15:00:00,1.8,475.0,20.9,22.6,0.3,1
234,2024-07-11 16:00:00,0.933,480.0,20.8,21.5,0.4,1
235,2024-07-11 17:00:00,1.71,435.0,21.1,21.8,0.2,1
236,2024-07-11 18:00:00,1.9,426.0,21.1,21.2,0.2,1
237,2024-07-11 19:00:00,1.9,420.0,21.2,20.9,0.3,1
238,2024-07-11 20:00:00,1.9,421.0,21.4,20.1,0.3,1
239,2024-07-11 21:00:00,1.9,421.0,21.6,18.9,0.7,0
240,2024-07-11 22:00:00,1.9,420.0,21.7,18.0,0.7,0
241,2024-07-11 23:00:00,1.9,425.0,22.0,16.9,0.7,0
242,2024-07-12 00:00:00,1.9,418.0,22.5,15.6,0.7,0
243,2024-07-12 01:00:00,1.9,418.0,22.3,14.9,0.7,0
244,2024-07-12 02:00:00,1.9,418.0,22.4,14.2,0.7,0
245,2024-07-12 03:00:00,1.9,455.0,21.9,13.4,0.6,0
246,2024-07-12 04:00:00,1.9,498.0,21.9,13.2,0.7,0
247,2024-07-12 05:00:00,1.9,473.0,21.9,13.2,0.7,0
248,2024-07-12 06:00:00,1.9,471.0,21.9,13.0,0.7,0
249,2024-07-12 07:00:00,1.6,466.0,21.9,12.7,0.8,0
250,2024-07-12 08:00:00,2.94,459.0,21.8,13.1,0.7,0
251,2024-07-12 09:00:00,1.98,454.0,21.8,13.4,0.6,0
252,2024-07-12 10:00:00,2.24,452.0,21.6,13.9,0.6,0
253,2024-07-12 11:00:00,2.2,449.0,21.5,14.7,0.7,0
254,2024-07-12 12:00:00,1.88,444.0,21.5,14.9,0.7,0
255,2024-07-12 13:00:00,2.2,449.0,21.4,15.9,0.3,0
256,2024-07-12 14:00:00,2.06,446.0,21.3,16.4,0.3,0
257,2024-07-12 15:00:00,1.82,463.0,21.2,16.3,0.3,0
258,2024-07-12 16:00:00,1.99,467.0,20.9,16.2,0.3,1
259,2024-07-12 17:00:00,1.78,438.0,20.7,16.8,0.4,1
260,2024-07-12 18:00:00,2.06,416.0,21.0,16.4,0.2,0
261,2024-07-12 19:00:00,1.83,418.0,21.1,16.3,0.2,0
262,2024-07-12 20:00:00,1.8,419.0,21.2,15.6,0.3,0
263,2024-07-12 21:00:00,1.47,421.0,21.2,15.7,0.3,0
264,2024-07-12 22:00:00,1.53,423.0,21.4,15.1,0.3,0
265,2024-07-12 23:00:00,1.74,417.0,21.5,13.9,0.6,0
266,2024-07-13 00:00:00,1.9,404.0,21.7,12.4,0.8,0
267,2024-07-13 01:00:00,1.9,395.0,21.9,13.0,0.7,0
268,2024-07-13 02:00:00,1.9,400.0,21.7,13.0,0.7,0
269,2024-07-13 03:00:00,1.9,461.0,21.5,12.9,0.7,0
270,2024-07-13 04:00:00,1.9,429.0,21.2,12.2,0.6,0
271,2024-07-13 05:00:00,1.9,436.0,21.1,12.0,0.6,0
272,2024-07-13 06:00:00,1.67,489.0,21.0,12.6,0.5,0
273,2024-07-13 07:00:00,0.756,456.0,20.7,13.4,0.4,0
274,2024-07-13 08:00:00,1.5565,460.0,20.3,13.9,0.6,1
275,2024-07-13 09:00:00,1.4420000000000002,483.0,20.2,14.3,0.6,1
276,2024-07-13 10:00:00,1.213,472.0,20.2,15.1,0.6,1
277,2024-07-13 11:00:00,0.756,468.0,20.3,15.7,0.6,1
278,2024-07-13 12:00:00,0.756,467.0,20.4,16.1,0.5,1
279,2024-07-13 13:00:00,0.756,470.0,20.4,16.6,0.5,1
280,2024-07-13 14:00:00,0.756,467.0,20.4,17.0,0.5,1
281,2024-07-13 15:00:00,0.756,477.0,20.3,17.7,0.6,1
282,2024-07-13 16:00:00,0.756,529.0,20.1,19.1,0.5,1
283,2024-07-13 17:00:00,0.756,495.0,20.1,19.4,0.5,1
284,2024-07-13 18:00:00,0.756,449.0,20.5,19.2,0.5,1
285,2024-07-13 19:00:00,0.756,447.0,20.7,18.7,0.4,1
286,2024-07-13 20:00:00,0.756,442.0,20.8,18.7,0.4,1
287,2024-07-13 21:00:00,0.756,440.0,21.0,18.1,0.2,1
288,2024-07-13 22:00:00,0.756,439.0,21.0,17.7,0.2,1
289,2024-07-13 23:00:00,0.756,438.0,21.2,17.1,0.3,0
290,2024-07-14 00:00:00,0.756,438.0,21.3,16.4,0.3,0
291,2024-07-14 01:00:00,0.756,436.0,21.5,15.9,0.7,0
292,2024-07-14 02:00:00,0.756,436.0,21.6,15.1,0.7,0
293,2024-07-14 03:00:00,0.756,491.0,21.3,14.5,0.3,0
294,2024-07-14 04:00:00,0.756,475.0,21.2,14.0,0.1,0
295,2024-07-14 05:00:00,0.756,469.0,21.1,14.3,0.2,1
296,2024-07-14 06:00:00,0.756,471.0,21.1,14.3,0.2,1
297,2024-07-14 07:00:00,0.756,478.0,21.1,15.5,0.2,1
298,2024-07-14 08:00:00,0.756,482.0,21.1,17.5,0.2,1
299,2024-07-14 09:00:00,0.756,476.0,21.1,19.0,0.2,1
300,2024-07-14 10:00:00,0.756,473.0,21.0,19.6,0.2,1
301,2024-07-14 11:00:00,0.756,504.0,21.0,19.9,0.2,1
302,2024-07-14 12:00:00,0.756,475.0,20.9,19.9,0.3,1
303,2024-07-14 13:00:00,0.756,477.0,20.9,20.1,0.3,1
304,2024-07-14 14:00:00,0.756,479.0,20.8,20.4,0.4,1
305,2024-07-14 15:00:00,0.756,492.0,20.8,20.8,0.4,1
306,2024-07-14 16:00:00,0.756,498.0,20.5,21.4,0.5,1
307,2024-07-14 17:00:00,0.756,485.0,20.5,21.6,0.5,1
308,2024-07-14 18:00:00,0.756,497.0,20.8,20.5,0.4,1
309,2024-07-14 19:00:00,0.756,439.0,21.2,20.7,0.3,1
310,2024-07-14 20:00:00,0.756,436.0,21.3,20.3,0.3,1
311,2024-07-14 21:00:00,0.756,433.0,21.5,19.5,0.7,1
312,2024-07-14 22:00:00,0.756,433.0,21.6,18.8,0.7,0
313,2024-07-14 23:00:00,0.41,435.0,21.7,18.3,0.7,0
314,2024-07-15 00:00:00,3.13,434.0,21.8,17.3,0.7,0
315,2024-07-15 01:00:00,1.9,428.0,22.0,16.5,0.7,0
316,2024-07-15 02:00:00,1.9,430.0,22.2,15.9,0.7,0
317,2024-07-15 03:00:00,1.9,439.0,22.3,15.4,0.7,0
318,2024-07-15 04:00:00,1.9,471.0,21.9,14.9,0.7,0
319,2024-07-15 05:00:00,1.9,464.0,21.8,14.4,0.7,0
320,2024-07-15 06:00:00,1.9,472.0,21.8,14.1,0.7,0
321,2024-07-15 07:00:00,1.6,483.0,21.8,15.8,0.7,0
322,2024-07-15 08:00:00,2.86,490.0,21.7,17.2,0.7,1
323,2024-07-15 09:00:00,1.9,484.0,21.6,19.0,0.7,1
324,2024-07-15 10:00:00,1.9,478.0,21.5,19.1,0.7,1
325,2024-07-15 11:00:00,1.9,473.0,21.5,19.3,0.7,1
326,2024-07-15 12:00:00,2.13,471.0,21.4,19.9,0.3,1
327,2024-07-15 13:00:00,1.92,475.0,21.3,20.5,0.3,1
328,2024-07-15 14:00:00,1.9,483.0,21.3,20.8,0.3,1
329,2024-07-15 15:00:00,1.9,489.0,21.2,21.2,0.3,1
330,2024-07-15 16:00:00,1.9,555.0,21.1,21.8,0.2,1
331,2024-07-15 17:00:00,1.47,507.0,21.1,21.7,0.2,1
332,2024-07-15 18:00:00,1.85,459.0,21.7,21.0,0.7,1
333,2024-07-15 19:00:00,1.6,452.0,22.0,21.6,0.7,1
334,2024-07-15 20:00:00,1.69,451.0,22.1,21.1,0.7,1
335,2024-07-15 21:00:00,1.8,457.0,22.2,19.6,0.7,0
336,2024-07-15 22:00:00,1.6,457.0,22.4,19.4,0.7,0
337,2024-07-15 23:00:00,1.6,455.0,22.4,19.0,0.7,0
338,2024-07-16 00:00:00,1.6,455.0,22.6,18.4,0.7,0
339,2024-07-16 01:00:00,1.6,457.0,22.6,17.1,0.7,0
340,2024-07-16 02:00:00,1.6,444.0,22.7,16.7,0.7,0
341,2024-07-16 03:00:00,1.6,525.0,22.2,15.6,0.7,0
342,2024-07-16 04:00:00,1.6,495.0,22.1,15.2,0.7,0
343,2024-07-16 05:00:00,1.6,492.0,22.0,15.4,0.7,0
344,2024-07-16 06:00:00,1.6,530.0,21.9,15.4,0.7,0
345,2024-07-16 07:00:00,1.85,485.0,21.9,15.7,0.7,0
346,2024-07-16 08:00:00,3.08,476.0,21.8,16.5,0.7,0
347,2024-07-16 09:00:00,2.07,469.0,21.8,17.7,0.7,1
348,2024-07-16 10:00:00,2.0,464.0,21.8,18.3,0.7,1
349,2024-07-16 11:00:00,2.06,460.0,21.6,20.0,0.7,1
350,2024-07-16 12:00:00,2.13,460.0,21.6,20.9,0.7,1
351,2024-07-17 07:00:00,1.72,490.0,21.8,16.8,0.7,1
352,2024-07-17 08:00:00,2.8,494.0,21.8,18.0,0.7,1
353,2024-07-17 09:00:00,2.07,488.0,21.8,18.9,0.7,1
354,2024-07-17 10:00:00,2.22,474.0,21.8,21.0,0.7,1
355,2024-07-17 11:00:00,2.1,469.0,21.8,21.2,0.7,1
356,2024-07-17 12:00:00,2.19,473.0,21.6,21.9,0.7,1
357,2024-07-17 13:00:00,2.09,479.0,21.6,22.4,0.7,1
358,2024-07-17 14:00:00,2.2,479.0,21.5,22.4,0.7,1
359,2024-07-17 15:00:00,2.19,505.0,21.4,22.7,0.3,1
360,2024-07-17 16:00:00,2.02,497.0,21.3,23.1,0.3,1
361,2024-07-17 17:00:00,1.8,486.0,21.0,24.0,0.2,1
362,2024-07-17 18:00:00,1.8,452.0,21.3,23.1,0.3,1
363,2024-07-17 19:00:00,1.8,451.0,21.6,22.9,0.7,1
364,2024-07-17 20:00:00,1.8,450.0,21.6,22.5,0.7,1
365,2024-07-17 21:00:00,1.8,448.0,21.7,21.9,0.7,1
366,2024-07-17 22:00:00,1.8,443.0,21.9,20.6,0.7,1
367,2024-07-17 23:00:00,1.8,443.0,22.2,19.9,0.7,0
368,2024-07-18 00:00:00,1.8,442.0,22.5,19.1,0.7,0
369,2024-07-18 01:00:00,1.8,441.0,22.7,18.7,0.7,0
370,2024-07-18 02:00:00,1.8,439.0,22.7,17.6,0.7,0
371,2024-07-18 03:00:00,1.8,494.0,22.3,17.2,0.7,0
372,2024-07-18 04:00:00,1.8,486.0,22.2,16.7,0.7,0
373,2024-07-18 05:00:00,2.26,469.0,22.2,16.3,0.7,0
374,2024-07-18 06:00:00,2.35,478.0,22.2,16.3,0.7,0
375,2024-07-18 07:00:00,1.55,485.0,22.2,17.0,0.7,1
376,2024-07-18 08:00:00,1.99,493.0,22.1,18.6,0.7,1
377,2024-07-18 09:00:00,2.2,496.0,22.1,20.0,0.7,1
378,2024-07-18 10:00:00,2.31,495.0,22.0,21.5,0.7,1
379,2024-07-18 11:00:00,2.22,496.0,21.9,24.1,0.7,1
380,2024-07-18 12:00:00,2.36,498.0,21.9,25.7,0.7,1
381,2024-07-18 13:00:00,2.22,500.0,21.8,26.5,0.7,1
382,2024-07-18 14:00:00,2.39,495.0,21.8,27.1,0.7,1
383,2024-07-18 15:00:00,1.98,518.0,21.6,27.2,0.7,1
384,2024-07-18 16:00:00,1.37,505.0,21.5,26.9,0.7,1
385,2024-07-18 17:00:00,1.89,500.0,21.4,27.0,0.3,1
386,2024-07-18 18:00:00,2.25,501.0,21.5,26.0,0.7,1
387,2024-07-18 19:00:00,1.85,470.0,21.9,25.7,0.7,1
388,2024-07-18 22:00:00,2.03,428.0,22.7,24.7,0.7,1
389,2024-07-18 23:00:00,2.26,430.0,22.9,23.9,0.7,1
390,2024-07-19 02:00:00,2.32,453.0,23.9,21.7,0.7,0
391,2024-07-19 03:00:00,2.6,481.0,24.0,21.0,0.7,0
392,2024-07-19 04:00:00,2.6,500.0,24.3,20.5,0.7,0
393,2024-07-19 05:00:00,2.6,470.0,23.8,19.8,0.7,0
394,2024-07-19 06:00:00,2.6,475.0,23.5,19.5,0.7,0
395,2024-07-19 07:00:00,2.04,479.0,23.4,19.7,0.7,1
396,2024-07-19 08:00:00,2.46,493.0,23.3,20.3,0.7,1
397,2024-07-19 09:00:00,2.46,508.0,23.2,22.4,0.7,1
398,2024-07-19 10:00:00,2.13,509.0,22.9,27.1,0.7,1
399,2024-07-19 11:00:00,2.27,520.0,22.8,29.3,0.7,1
400,2024-07-19 13:00:00,2.22,505.0,22.6,30.6,0.7,1
401,2024-07-19 14:00:00,2.1,498.0,22.5,31.0,0.7,1
402,2024-07-19 15:00:00,2.13,517.0,22.4,30.9,0.7,1
403,2024-07-19 16:00:00,1.9,522.0,22.3,31.6,0.7,1
404,2024-07-19 17:00:00,1.9,509.0,22.3,31.1,0.7,1
405,2024-07-19 18:00:00,1.9,470.0,22.6,29.8,0.7,1
406,2024-07-19 19:00:00,1.9,454.0,22.9,29.0,0.7,1
407,2024-07-19 20:00:00,1.9,444.0,23.1,28.7,0.7,1
408,2024-07-19 21:00:00,1.9,442.0,23.2,28.0,0.7,1
409,2024-07-19 22:00:00,1.9,436.0,23.5,26.8,0.7,1
410,2024-07-19 23:00:00,1.9,429.0,23.6,25.8,0.7,1
411,2024-07-20 00:00:00,2.23,433.0,23.7,24.9,0.7,0
412,2024-07-20 01:00:00,2.4,439.0,24.0,23.9,0.7,0
413,2024-07-20 02:00:00,2.4,442.0,24.6,22.6,0.7,0
414,2024-07-20 03:00:00,2.72,475.0,24.4,21.9,0.7,0
415,2024-07-20 04:00:00,2.4375,477.0,24.4,20.8,0.7,0
416,2024-07-20 05:00:00,3.06,470.0,24.2,20.1,0.7,0
417,2024-07-20 07:00:00,2.43,471.0,24.0,19.5,0.7,0
418,2024-07-20 08:00:00,2.736666666666667,474.0,23.8,19.5,0.7,0
419,2024-07-20 09:00:00,2.66,472.0,23.8,19.9,0.7,0
420,2024-07-20 10:00:00,2.73,473.0,23.7,20.9,0.7,0
421,2024-07-20 11:00:00,2.65,479.0,23.5,22.9,0.7,1
422,2024-07-20 12:00:00,2.75,480.0,23.4,23.8,0.7,1
423,2024-07-20 13:00:00,2.5,481.0,23.3,22.8,0.7,1
424,2024-07-20 14:00:00,2.5,483.0,23.3,23.4,0.7,1
425,2024-07-20 15:00:00,2.55,474.0,23.2,25.3,0.7,1
426,2024-07-20 16:00:00,2.71,472.0,23.0,25.1,0.7,1
427,2024-07-20 17:00:00,2.53,484.0,23.0,24.2,0.7,1
428,2024-07-20 18:00:00,2.73,450.0,23.3,23.9,0.7,1
429,2024-07-20 19:00:00,2.6,432.0,23.5,23.4,0.7,0
430,2024-07-20 20:00:00,2.6,427.0,23.6,23.4,0.7,0
431,2024-07-20 21:00:00,2.6,423.0,23.7,23.6,0.7,0
432,2024-07-20 22:00:00,2.6,422.0,23.7,22.4,0.7,0
433,2024-07-20 23:00:00,2.6,421.0,23.9,21.8,0.7,0
434,2024-07-21 00:00:00,2.6,410.0,24.0,22.0,0.7,0
435,2024-07-21 01:00:00,2.6,405.0,24.0,21.7,0.7,0
436,2024-07-21 02:00:00,2.6,414.0,24.1,21.2,0.7,0
437,2024-07-21 03:00:00,2.6,466.0,23.8,21.9,0.7,0
438,2024-07-21 04:00:00,2.6,466.0,23.6,21.5,0.7,0
439,2024-07-21 05:00:00,2.6,462.0,23.5,21.3,0.7,0
440,2024-07-21 06:00:00,2.6,473.0,23.4,20.3,0.7,0
441,2024-07-21 07:00:00,2.27,471.0,23.4,20.1,0.7,0
442,2024-07-21 08:00:00,2.5175,474.0,23.3,19.8,0.7,0
443,2024-07-21 09:00:00,2.53,481.0,23.3,19.1,0.7,0
444,2024-07-21 10:00:00,2.66,483.0,23.3,19.4,0.7,0
445,2024-07-21 11:00:00,2.75,477.0,23.3,20.1,0.7,0
446,2024-07-21 12:00:00,2.63,468.0,23.2,20.2,0.7,0
447,2024-07-21 13:00:00,2.68,466.0,23.1,21.1,0.7,1
448,2024-07-21 14:00:00,2.71,464.0,23.0,22.1,0.7,1
449,2024-07-21 15:00:00,2.62,467.0,22.8,23.2,0.7,1
450,2024-07-21 16:00:00,2.41,460.0,22.5,23.1,0.7,1
451,2024-07-21 17:00:00,2.46,462.0,22.3,23.0,0.7,1
452,2024-07-21 18:00:00,2.4,454.0,22.4,22.8,0.7,1
453,2024-07-21 19:00:00,2.4,439.0,22.7,23.0,0.7,1
454,2024-07-21 20:00:00,2.4,436.0,22.9,23.2,0.7,0
455,2024-07-21 21:00:00,2.4,435.0,23.0,22.5,0.7,0
456,2024-07-21 22:00:00,2.4,434.0,23.1,21.5,0.7,0
457,2024-07-21 23:00:00,2.4,435.0,23.2,19.8,0.7,0
458,2024-07-22 00:00:00,2.4,436.0,23.3,18.3,0.7,0
459,2024-07-22 01:00:00,2.4,434.0,23.5,16.9,0.7,0
460,2024-07-22 02:00:00,2.4,433.0,23.8,16.6,0.7,0
461,2024-07-22 03:00:00,2.4,452.0,23.8,16.4,0.7,0
462,2024-07-22 04:00:00,2.4,464.0,23.6,15.8,0.7,0
463,2024-07-22 05:00:00,2.52,452.0,23.4,15.2,0.7,0
464,2024-07-22 06:00:00,2.8,461.0,23.2,15.4,0.7,0
465,2024-07-22 07:00:00,2.18,470.0,23.1,16.6,0.7,0
466,2024-07-22 08:00:00,3.29,463.0,22.9,17.2,0.7,0
467,2024-07-22 09:00:00,2.57,461.0,22.8,18.0,0.7,0
468,2024-07-22 11:00:00,2.52,470.0,22.7,19.9,0.7,1
469,2024-07-22 12:00:00,2.22,469.0,22.6,20.5,0.7,1
470,2024-07-22 13:00:00,2.48,464.0,22.5,21.2,0.7,1
471,2024-07-22 14:00:00,2.24,462.0,22.5,21.8,0.7,1
472,2024-07-22 15:00:00,2.15,463.0,22.4,22.6,0.7,1
473,2024-07-22 16:00:00,1.9,485.0,22.4,23.3,0.7,1
474,2024-07-22 17:00:00,2.46,483.0,22.4,23.2,0.7,1
475,2024-07-22 18:00:00,2.4,433.0,22.8,22.4,0.7,1
476,2024-07-22 19:00:00,2.4,419.0,23.0,22.2,0.7,0
477,2024-07-22 20:00:00,2.4,421.0,22.9,21.8,0.7,0
478,2024-07-22 21:00:00,2.4,410.0,23.2,20.7,0.7,0
479,2024-07-22 22:00:00,2.21,412.0,23.3,19.7,0.7,0
480,2024-07-22 23:00:00,2.8,418.0,23.3,19.1,0.7,0
481,2024-07-23 00:00:00,2.8,411.0,23.5,18.8,0.7,0
482,2024-07-23 01:00:00,2.8,409.0,23.8,19.1,0.7,0
483,2024-07-23 02:00:00,2.8,419.0,24.3,19.7,0.7,0
484,2024-07-23 03:00:00,2.8,482.0,23.7,19.5,0.7,0
485,2024-07-23 04:00:00,2.8,474.0,23.7,19.7,0.7,0
486,2024-07-23 05:00:00,2.8,466.0,23.6,19.9,0.7,0
487,2024-07-23 06:00:00,2.8,473.0,23.5,20.1,0.7,0
488,2024-07-23 07:00:00,2.14,484.0,23.4,19.2,0.7,0
489,2024-07-23 08:00:00,2.635,479.0,23.3,17.9,0.7,0
490,2024-07-23 09:00:00,2.5,474.0,23.2,18.7,0.7,0
491,2024-07-23 10:00:00,2.5,471.0,23.1,20.3,0.7,0
492,2024-07-23 11:00:00,2.5,468.0,23.0,20.0,0.7,0
493,2024-07-23 12:00:00,2.88,468.0,23.0,20.9,0.7,1
494,2024-07-23 13:00:00,2.45,469.0,23.0,20.4,0.7,1
495,2024-07-23 14:00:00,2.82,463.0,22.9,22.1,0.7,1
496,2024-07-23 15:00:00,2.44,459.0,22.7,23.1,0.7,1
497,2024-07-23 16:00:00,2.84,457.0,22.4,23.2,0.7,1
498,2024-07-23 17:00:00,2.6,466.0,22.2,23.4,0.7,1
499,2024-07-23 18:00:00,2.6,445.0,22.6,23.3,0.7,1
500,2024-07-23 19:00:00,2.6,445.0,22.8,23.6,0.7,1
501,2024-07-23 20:00:00,2.09,447.0,22.9,22.8,0.7,0
502,2024-07-23 22:00:00,2.7,446.0,23.3,21.7,0.7,0
503,2024-07-23 23:00:00,2.7,441.0,23.4,20.7,0.7,0
504,2024-07-24 00:00:00,2.51,442.0,23.3,20.7,0.7,0
505,2024-07-24 01:00:00,2.1,440.0,23.4,20.4,0.7,0
506,2024-07-24 02:00:00,2.1,433.0,23.7,19.5,0.7,0
507,2024-07-24 03:00:00,2.46,481.0,23.4,19.0,0.7,0
508,2024-07-24 04:00:00,2.99,487.0,23.2,18.6,0.7,0
509,2024-07-24 05:00:00,2.6,472.0,23.2,18.3,0.7,0
510,2024-07-24 06:00:00,2.6,481.0,23.1,18.0,0.7,0
511,2024-07-24 07:00:00,1.96,489.0,23.0,18.1,0.7,0
512,2024-07-24 08:00:00,3.03,499.0,22.9,18.8,0.7,1
513,2024-07-24 09:00:00,2.5,497.0,22.9,20.9,0.7,1
514,2024-07-24 10:00:00,2.31,495.0,22.9,23.2,0.7,1
515,2024-07-24 11:00:00,2.44,497.0,22.7,24.4,0.7,1
516,2024-07-24 12:00:00,2.22,498.0,22.6,24.5,0.7,1
517,2024-07-24 13:00:00,2.47,497.0,22.6,24.2,0.7,1
518,2024-07-24 14:00:00,2.17,505.0,22.5,24.7,0.7,1
519,2024-07-24 15:00:00,2.08,493.0,22.4,24.4,0.7,0
520,2024-07-25 07:00:00,2.22,468.0,22.8,16.8,0.7,0
521,2024-07-25 08:00:00,2.2350000000000003,468.0,22.7,17.4,0.7,0
522,2024-07-25 09:00:00,2.49,466.0,22.7,17.8,0.7,0
523,2024-07-25 10:00:00,2.3,464.0,22.7,17.9,0.7,0
524,2024-07-25 11:00:00,2.54,465.0,22.7,18.6,0.7,0
525,2024-07-25 12:00:00,2.35,467.0,22.6,18.8,0.7,0
526,2024-07-25 13:00:00,2.58,466.0,22.6,19.4,0.7,0
527,2024-07-25 14:00:00,2.25,459.0,22.5,20.2,0.7,1
528,2024-07-25 15:00:00,2.54,459.0,22.4,20.0,0.7,1
529,2024-07-25 16:00:00,1.15,460.0,22.3,20.4,0.7,1
530,2024-07-25 17:00:00,2.26,460.0,22.1,20.9,0.7,1
531,2024-07-25 18:00:00,2.34,442.0,22.4,20.8,0.7,1
532,2024-07-25 19:00:00,2.61,438.0,22.6,20.2,0.7,0
533,2024-07-25 20:00:00,2.4,435.0,22.7,20.1,0.7,0
534,2024-07-25 21:00:00,2.4,434.0,22.8,19.6,0.7,0
535,2024-07-25 22:00:00,2.4,434.0,23.0,19.6,0.7,0
536,2024-07-25 23:00:00,2.4,430.0,23.1,20.2,0.7,0
537,2024-07-26 00:00:00,2.4,423.0,23.2,19.1,0.7,0
538,2024-07-26 01:00:00,2.4,430.0,23.2,17.4,0.7,0
539,2024-07-26 02:00:00,2.4,426.0,23.2,16.5,0.7,0
540,2024-07-26 03:00:00,2.4,473.0,22.9,16.1,0.7,0
541,2024-07-26 04:00:00,2.4,475.0,22.6,16.1,0.7,0
542,2024-07-26 05:00:00,2.4,470.0,22.5,15.9,0.7,0
543,2024-07-26 06:00:00,2.4,466.0,22.5,15.1,0.7,0
544,2024-07-26 07:00:00,2.03,464.0,22.5,15.5,0.7,0
545,2024-07-26 08:00:00,2.3074999999999997,460.0,22.3,17.0,0.7,0
546,2024-07-26 09:00:00,2.51,456.0,22.2,18.5,0.7,1
547,2024-07-26 10:00:00,2.31,458.0,22.1,20.0,0.7,1
548,2024-07-26 11:00:00,2.31,456.0,22.1,20.5,0.7,1
549,2024-07-26 12:00:00,2.27,457.0,22.0,20.8,0.7,1
550,2024-07-26 13:00:00,2.32,461.0,22.0,21.3,0.7,1
551,2024-07-26 14:00:00,2.24,462.0,21.9,22.1,0.7,1
552,2024-07-26 15:00:00,2.28,464.0,21.8,22.2,0.7,1
553,2024-07-26 16:00:00,2.1,467.0,21.7,22.5,0.7,1
554,2024-07-26 17:00:00,2.21,468.0,21.7,22.7,0.7,1
555,2024-07-26 18:00:00,2.15,440.0,22.2,22.4,0.7,1
556,2024-07-26 19:00:00,2.1,437.0,22.2,22.0,0.7,1
557,2024-07-26 20:00:00,2.1,432.0,22.4,21.4,0.7,0
558,2024-07-26 21:00:00,2.1,432.0,22.5,20.8,0.7,0
559,2024-07-26 22:00:00,2.1,434.0,22.6,19.4,0.7,0
560,2024-07-26 23:00:00,2.1,432.0,22.7,18.7,0.7,0
561,2024-07-27 00:00:00,2.1,432.0,22.9,18.4,0.7,0
562,2024-07-27 01:00:00,2.1,432.0,23.0,18.5,0.7,0
563,2024-07-27 02:00:00,2.1,431.0,23.2,18.0,0.7,0
564,2024-07-27 03:00:00,2.49,462.0,23.0,17.4,0.7,0
565,2024-07-27 04:00:00,2.6,461.0,22.9,16.5,0.7,0
566,2024-07-27 05:00:00,2.6,457.0,22.8,16.0,0.7,0
567,2024-07-27 06:00:00,2.46,463.0,22.8,15.8,0.7,0
568,2024-07-27 07:00:00,2.06,470.0,22.8,15.8,0.7,0
569,2024-07-27 08:00:00,3.36,474.0,22.7,17.9,0.7,0
570,2024-07-27 09:00:00,2.3,474.0,22.6,19.1,0.7,1
571,2024-07-27 10:00:00,2.49,473.0,22.5,20.3,0.7,1
572,2024-07-27 11:00:00,2.3,469.0,22.3,21.7,0.7,1
573,2024-07-27 12:00:00,2.41,469.0,22.3,21.9,0.7,1
574,2024-07-27 13:00:00,2.3,471.0,22.3,22.3,0.7,1
575,2024-07-27 14:00:00,2.55,470.0,22.1,22.0,0.7,1
576,2024-07-27 15:00:00,2.18,466.0,22.0,21.8,0.7,1
577,2024-07-27 16:00:00,2.59,477.0,21.9,22.1,0.7,1
578,2024-07-27 17:00:00,2.32,486.0,21.9,22.9,0.7,1
579,2024-07-27 18:00:00,2.47,442.0,22.3,21.8,0.7,1
580,2024-07-27 19:00:00,2.4,441.0,22.3,20.0,0.7,0
581,2024-07-27 20:00:00,2.4,438.0,22.3,20.1,0.7,0
582,2024-07-27 21:00:00,2.4,438.0,22.3,19.8,0.7,0
583,2024-07-27 22:00:00,2.4,437.0,22.4,19.4,0.7,0
584,2024-07-27 23:00:00,2.4,437.0,22.6,19.2,0.7,0
585,2024-07-28 00:00:00,2.4,437.0,22.8,18.4,0.7,0
586,2024-07-28 01:00:00,2.4,438.0,22.8,17.9,0.7,0
587,2024-07-28 02:00:00,2.4,436.0,23.2,17.4,0.7,0
588,2024-07-28 03:00:00,2.4,438.0,23.4,17.0,0.7,0
589,2024-07-28 04:00:00,2.4,446.0,23.2,16.5,0.7,0
590,2024-07-28 05:00:00,2.4,455.0,22.8,15.9,0.7,0
591,2024-07-28 06:00:00,2.4,465.0,22.8,15.8,0.7,0
592,2024-07-28 07:00:00,2.13,469.0,22.6,16.2,0.7,0
593,2024-07-28 08:00:00,3.32,477.0,22.6,19.3,0.7,1
594,2024-07-28 09:00:00,2.2,481.0,22.5,21.6,0.7,1
595,2024-07-28 10:00:00,2.36,481.0,22.4,21.9,0.7,1
596,2024-07-28 11:00:00,2.1,479.0,22.4,23.1,0.7,1
597,2024-07-28 12:00:00,2.32,489.0,22.3,23.8,0.7,1
598,2024-07-28 13:00:00,2.1,489.0,22.3,25.0,0.7,1
599,2024-07-28 14:00:00,2.21,496.0,22.2,25.5,0.7,1
600,2024-07-28 15:00:00,2.26,506.0,22.1,25.5,0.7,1
601,2024-07-28 16:00:00,2.31,496.0,22.0,25.9,0.7,1
602,2024-07-28 17:00:00,2.1,478.0,21.9,25.1,0.7,1
603,2024-07-28 18:00:00,2.1,466.0,21.9,24.7,0.7,1
604,2024-07-28 19:00:00,2.1,466.0,21.9,24.1,0.7,1
605,2024-07-28 20:00:00,2.1,459.0,22.0,23.3,0.7,1
606,2024-07-28 21:00:00,2.1,460.0,22.1,22.8,0.7,1
607,2024-07-28 22:00:00,2.1,461.0,22.2,21.8,0.7,1
608,2024-07-28 23:00:00,2.1,466.0,22.4,20.9,0.7,0
609,2024-07-29 00:00:00,2.1,471.0,22.6,19.9,0.7,0
610,2024-07-29 01:00:00,2.1,471.0,22.7,18.3,0.7,0
611,2024-07-29 02:00:00,2.1,467.0,23.1,17.5,0.7,0
612,2024-07-29 03:00:00,2.1,461.0,23.1,17.2,0.7,0
613,2024-07-29 04:00:00,2.1,454.0,23.1,16.8,0.7,0
614,2024-07-29 05:00:00,2.1,455.0,23.1,16.7,0.7,0
615,2024-07-29 06:00:00,2.1,471.0,23.0,16.9,0.7,0
616,2024-07-29 07:00:00,2.13,483.0,23.0,17.2,0.7,1
617,2024-07-29 08:00:00,2.1075,493.0,22.9,19.8,0.7,1
618,2024-07-29 09:00:00,2.3,489.0,22.9,22.5,0.7,1
619,2024-07-29 10:00:00,2.51,474.0,22.8,25.0,0.7,1
620,2024-07-29 11:00:00,2.1,465.0,22.8,26.2,0.7,1
621,2024-07-29 12:00:00,2.51,464.0,22.6,26.4,0.7,1
622,2024-07-29 13:00:00,2.1,463.0,22.5,27.4,0.7,1
623,2024-07-29 14:00:00,2.42,466.0,22.4,27.9,0.7,1
624,2024-07-29 15:00:00,2.43,474.0,22.4,27.9,0.7,1
625,2024-07-29 16:00:00,2.15,488.0,22.4,28.0,0.7,1
626,2024-07-29 17:00:00,2.1,507.0,22.3,27.7,0.7,1
627,2024-07-29 18:00:00,2.1,462.0,22.6,26.6,0.7,1
628,2024-07-29 19:00:00,2.1,450.0,23.1,25.6,0.7,1
629,2024-07-29 20:00:00,2.37,446.0,23.3,24.0,0.7,1
630,2024-07-29 21:00:00,2.2,446.0,23.4,23.1,0.7,0
631,2024-07-29 22:00:00,2.2,441.0,23.5,22.6,0.7,0
632,2024-07-29 23:00:00,2.2,441.0,23.6,22.1,0.7,0
633,2024-07-30 00:00:00,2.2,443.0,23.7,21.8,0.7,0
634,2024-07-30 01:00:00,2.2,441.0,23.9,21.4,0.7,0
635,2024-07-30 02:00:00,2.35,437.0,24.4,20.9,0.7,0
636,2024-07-30 03:00:00,2.7,455.0,24.1,20.6,0.7,0
637,2024-07-30 04:00:00,2.7,472.0,23.5,19.5,0.7,0
638,2024-07-30 05:00:00,2.7,468.0,23.3,19.3,0.7,0
639,2024-07-30 06:00:00,2.7,478.0,23.3,18.7,0.7,0
640,2024-07-30 07:00:00,2.03,485.0,23.3,18.8,0.7,1
641,2024-07-30 08:00:00,2.5325,494.0,23.2,20.9,0.7,1
642,2024-07-30 09:00:00,2.4,495.0,23.1,23.2,0.7,1
643,2024-07-30 10:00:00,2.51,493.0,23.0,25.5,0.7,1
644,2024-07-30 11:00:00,2.23,488.0,23.0,27.7,0.7,1
645,2024-07-30 12:00:00,2.59,484.0,22.9,28.6,0.7,1
646,2024-07-30 13:00:00,2.2,484.0,22.9,29.8,0.7,1
647,2024-07-30 14:00:00,2.34,494.0,22.8,31.8,0.7,1
648,2024-07-30 15:00:00,2.33,497.0,22.8,32.1,0.7,1
649,2024-07-30 16:00:00,2.38,492.0,22.6,32.0,0.7,1
650,2024-07-30 17:00:00,2.3,485.0,22.5,30.7,0.7,1
651,2024-07-30 18:00:00,2.3,441.0,23.0,28.9,0.7,1
652,2024-07-30 19:00:00,2.3,456.0,23.3,28.0,0.7,1
653,2024-07-30 20:00:00,2.3,447.0,23.3,26.1,0.7,1
654,2024-07-30 21:00:00,2.3,434.0,23.7,24.5,0.7,0
655,2024-07-30 22:00:00,2.3,428.0,23.8,24.0,0.7,0
656,2024-07-30 23:00:00,2.3,437.0,24.0,23.1,0.7,0
657,2024-07-31 00:00:00,2.3,446.0,24.1,22.5,0.7,0
658,2024-07-31 01:00:00,2.3,452.0,24.3,21.3,0.7,0
659,2024-07-31 02:00:00,2.3,457.0,24.9,20.5,0.7,0
660,2024-07-31 03:00:00,2.3,495.0,24.2,20.5,0.7,0
661,2024-07-31 04:00:00,2.3,485.0,23.7,19.9,0.7,0
662,2024-07-31 05:00:00,2.3,481.0,23.5,19.2,0.7,0
663,2024-07-31 06:00:00,2.3,483.0,23.5,18.7,0.7,0
664,2024-07-31 07:00:00,2.07,484.0,23.5,18.9,0.7,0
665,2024-07-31 08:00:00,2.2424999999999997,492.0,23.4,20.0,0.7,1
666,2024-07-31 09:00:00,2.64,485.0,23.4,21.5,0.7,1
667,2024-07-31 10:00:00,2.52,478.0,23.3,23.2,0.7,1
668,2024-07-31 11:00:00,2.63,472.0,23.3,25.7,0.7,1
669,2024-07-31 12:00:00,2.4,468.0,23.3,26.8,0.7,1
670,2024-07-31 13:00:00,2.53,470.0,23.1,27.5,0.7,1
671,2024-07-31 14:00:00,2.56,472.0,23.0,27.9,0.7,1
672,2024-07-31 15:00:00,2.71,471.0,22.9,27.6,0.7,1
673,2024-07-31 16:00:00,2.9,478.0,22.8,27.7,0.7,1
674,2024-07-31 17:00:00,2.9,488.0,22.8,27.0,0.7,1
675,2024-07-31 18:00:00,2.9,440.0,23.1,25.0,0.7,1
676,2024-07-31 19:00:00,2.9,439.0,23.2,24.2,0.7,1
677,2024-07-31 20:00:00,2.41,460.0,23.4,23.6,0.7,0
678,2024-07-31 21:00:00,2.4,447.0,23.5,22.7,0.7,0
679,2024-07-31 22:00:00,2.4,448.0,23.5,22.1,0.7,0
680,2024-07-31 23:00:00,2.4,454.0,23.6,22.0,0.7,0
681,2024-08-01 00:00:00,2.4,449.0,23.7,21.6,0.7,0
682,2024-08-01 01:00:00,2.4,440.0,23.8,21.0,0.7,0
683,2024-08-01 02:00:00,2.4,437.0,24.5,20.0,0.7,0
684,2024-08-01 03:00:00,2.4,476.0,23.9,19.5,0.7,0
685,2024-08-01 04:00:00,2.4,470.0,23.3,19.2,0.7,0
686,2024-08-01 05:00:00,2.4,460.0,23.3,18.9,0.7,0
687,2024-08-01 06:00:00,2.4,458.0,23.3,18.8,0.7,0
688,2024-08-01 07:00:00,2.18,451.0,23.3,19.3,0.7,0
689,2024-08-01 08:00:00,2.3449999999999998,456.0,23.2,19.8,0.7,1
690,2024-08-01 09:00:00,2.5,456.0,23.1,20.7,0.7,1
691,2024-08-01 10:00:00,2.35,455.0,23.0,22.5,0.7,1
692,2024-08-01 11:00:00,2.54,459.0,23.0,25.0,0.7,1
693,2024-08-01 12:00:00,2.32,465.0,22.9,27.3,0.7,1
694,2024-08-01 13:00:00,2.52,470.0,22.9,29.1,0.7,1
695,2024-08-01 14:00:00,2.4,469.0,22.8,29.6,0.7,1
696,2024-08-01 15:00:00,2.71,470.0,22.8,31.0,0.7,1
697,2024-08-01 16:00:00,1.44,478.0,22.7,29.6,0.7,1
698,2024-08-01 17:00:00,2.24,480.0,22.7,30.2,0.7,1
699,2024-08-01 18:00:00,2.72,447.0,23.1,29.5,0.7,1
700,2024-08-01 19:00:00,2.8,427.0,23.4,27.7,0.7,1
701,2024-08-01 20:00:00,2.8,425.0,23.6,24.0,0.7,0
702,2024-08-01 21:00:00,2.8,430.0,23.7,22.5,0.7,0
703,2024-08-01 22:00:00,2.8,424.0,23.8,21.6,0.7,0
704,2024-08-01 23:00:00,2.71,433.0,23.7,21.0,0.7,0
705,2024-08-02 00:00:00,2.2,429.0,23.7,21.0,0.7,0
706,2024-08-02 01:00:00,2.2,422.0,23.8,21.2,0.7,0
707,2024-08-02 02:00:00,2.2,430.0,23.7,21.6,0.7,0
708,2024-08-02 03:00:00,2.2,486.0,23.3,21.8,0.7,0
709,2024-08-02 04:00:00,2.73,485.0,23.1,21.7,0.7,1
710,2024-08-02 05:00:00,2.9,481.0,23.1,21.6,0.7,1
711,2024-08-02 06:00:00,2.75,491.0,23.0,21.9,0.7,1
712,2024-08-02 07:00:00,2.29,484.0,23.0,22.1,0.7,1
713,2024-08-02 08:00:00,2.6675,480.0,23.0,23.0,0.7,1
714,2024-08-02 09:00:00,2.47,478.0,23.0,23.7,0.7,1
715,2024-08-02 10:00:00,2.57,478.0,23.0,23.9,0.7,1
716,2024-08-02 11:00:00,2.56,479.0,23.0,25.1,0.7,1
717,2024-08-02 12:00:00,2.62,480.0,23.0,26.4,0.7,1
718,2024-08-02 13:00:00,2.78,482.0,23.0,26.3,0.7,1
719,2024-08-02 14:00:00,2.55,485.0,22.9,27.1,0.7,1
720,2024-08-02 15:00:00,2.65,496.0,22.8,29.0,0.7,1
721,2024-08-02 16:00:00,2.8,505.0,22.8,28.6,0.7,1
722,2024-08-02 17:00:00,2.8,484.0,22.9,28.2,0.7,1
723,2024-08-02 18:00:00,2.71,467.0,23.0,27.5,0.7,1
724,2024-08-02 19:00:00,2.3,473.0,22.9,26.3,0.7,1
725,2024-08-02 20:00:00,2.3,446.0,23.8,25.5,0.7,0
726,2024-08-02 21:00:00,2.56,445.0,24.0,24.5,0.7,0
727,2024-08-02 22:00:00,2.4675000000000002,450.0,24.1,24.2,0.7,0
728,2024-08-02 23:00:00,2.3866666666666667,468.0,24.0,23.5,0.7,0
729,2024-08-03 00:00:00,2.68,487.0,23.4,23.1,0.7,0
730,2024-08-03 01:00:00,2.5,464.0,23.7,22.7,0.7,0
731,2024-08-03 02:00:00,2.5,441.0,24.1,21.8,0.7,0
732,2024-08-03 03:00:00,2.55,470.0,23.6,20.7,0.7,0
733,2024-08-03 06:00:00,2.71,461.0,23.4,19.6,0.7,0
734,2024-08-03 07:00:00,2.29,465.0,23.3,20.1,0.7,0
735,2024-08-03 08:00:00,2.85,462.0,23.3,20.4,0.7,0
736,2024-08-03 09:00:00,2.72,467.0,23.3,20.9,0.7,1
737,2024-08-03 10:00:00,2.43,471.0,23.3,21.6,0.7,1
738,2024-08-03 11:00:00,2.75,468.0,23.3,23.4,0.7,1
739,2024-08-03 12:00:00,2.55,470.0,23.1,24.6,0.7,1
740,2024-08-03 13:00:00,2.55,471.0,23.1,25.1,0.7,1
741,2024-08-03 14:00:00,2.43,467.0,23.0,24.9,0.7,1
742,2024-08-03 15:00:00,2.65,457.0,22.8,23.4,0.7,1
743,2024-08-03 16:00:00,2.4,453.0,22.7,23.6,0.7,1
744,2024-08-03 17:00:00,2.4,451.0,22.7,23.1,0.7,1
745,2024-08-03 18:00:00,2.4,440.0,23.0,22.6,0.7,0
746,2024-08-03 19:00:00,2.4,438.0,23.1,22.7,0.7,0
747,2024-08-03 20:00:00,2.4,437.0,23.2,22.5,0.7,0
748,2024-08-03 21:00:00,2.4,435.0,23.2,21.3,0.7,0
749,2024-08-03 22:00:00,2.4,437.0,23.2,20.1,0.7,0
750,2024-08-03 23:00:00,2.4,435.0,23.3,19.8,0.7,0
751,2024-08-04 00:00:00,2.4,434.0,23.5,18.6,0.7,0
752,2024-08-04 01:00:00,2.4,434.0,23.6,17.2,0.7,0
753,2024-08-04 02:00:00,2.7,433.0,24.1,16.6,0.7,0
754,2024-08-04 03:00:00,2.9,453.0,23.6,16.2,0.7,0
755,2024-08-04 04:00:00,2.53,453.0,23.3,15.5,0.7,0
756,2024-08-04 05:00:00,2.4,456.0,23.2,15.2,0.7,0
757,2024-08-04 06:00:00,2.4,471.0,23.1,14.9,0.7,0
758,2024-08-04 07:00:00,2.11,471.0,23.0,15.1,0.7,0
759,2024-08-04 08:00:00,2.3600000000000003,469.0,22.8,15.7,0.7,0
760,2024-08-04 09:00:00,2.3,464.0,22.8,16.5,0.7,0
761,2024-08-04 10:00:00,2.3,465.0,22.6,17.3,0.7,0
762,2024-08-04 11:00:00,2.3,469.0,22.5,18.5,0.7,0
763,2024-08-04 12:00:00,2.3,470.0,22.4,19.2,0.7,1
764,2024-08-04 13:00:00,2.3,470.0,22.3,20.3,0.7,1
765,2024-08-04 14:00:00,2.16,467.0,22.2,20.7,0.7,1
766,2024-08-04 15:00:00,2.44,463.0,22.1,21.5,0.7,1
767,2024-08-04 16:00:00,2.26,460.0,22.0,22.1,0.7,1
768,2024-08-04 17:00:00,2.28,459.0,22.0,22.7,0.7,1
769,2024-08-04 18:00:00,2.3,464.0,22.0,22.4,0.7,1
770,2024-08-04 19:00:00,2.3,463.0,22.0,21.8,0.7,1
771,2024-08-04 20:00:00,2.3,461.0,22.0,20.7,0.7,1
772,2024-08-04 21:00:00,2.3,459.0,22.1,20.0,0.7,0
773,2024-08-04 22:00:00,2.3,459.0,22.2,19.1,0.7,0
774,2024-08-04 23:00:00,2.3,460.0,22.3,18.1,0.7,0
775,2024-08-05 00:00:00,2.3,458.0,22.6,17.7,0.7,0
776,2024-08-05 01:00:00,2.3,457.0,22.7,17.3,0.7,0
777,2024-08-05 02:00:00,2.3,458.0,23.1,16.7,0.7,0
778,2024-08-05 03:00:00,2.3,455.0,23.0,16.5,0.7,0
779,2024-08-05 04:00:00,2.3,451.0,23.0,16.0,0.7,0
780,2024-08-05 05:00:00,2.3,449.0,22.9,15.7,0.7,0
781,2024-08-05 06:00:00,2.3,463.0,22.8,15.9,0.7,0
782,2024-08-05 07:00:00,2.01,473.0,22.8,15.9,0.7,0
783,2024-08-05 08:00:00,2.2274999999999996,479.0,22.8,18.0,0.7,0
784,2024-08-05 09:00:00,2.2,479.0,22.7,19.9,0.7,1
785,2024-08-05 10:00:00,2.28,477.0,22.6,19.7,0.7,1
786,2024-08-05 11:00:00,2.39,469.0,22.5,21.3,0.7,1
787,2024-08-05 12:00:00,2.13,466.0,22.4,22.6,0.7,1
788,2024-08-05 13:00:00,2.37,462.0,22.4,23.7,0.7,1
789,2024-08-05 14:00:00,2.2,460.0,22.3,25.5,0.7,1
790,2024-08-05 15:00:00,2.38,459.0,22.2,26.0,0.7,1
791,2024-08-05 16:00:00,2.2,460.0,22.1,26.1,0.7,1
792,2024-08-05 17:00:00,2.2,460.0,22.1,25.7,0.7,1
793,2024-08-05 18:00:00,2.2,440.0,22.5,25.5,0.7,1
794,2024-08-05 19:00:00,2.2,422.0,22.7,25.1,0.7,1
795,2024-08-05 20:00:00,2.2,419.0,22.9,24.8,0.7,1
796,2024-08-05 21:00:00,2.2,424.0,23.0,23.6,0.7,1
797,2024-08-05 22:00:00,2.2,420.0,23.1,22.5,0.7,0
798,2024-08-05 23:00:00,2.2,426.0,23.2,21.4,0.7,0
799,2024-08-06 00:00:00,2.2,421.0,23.4,20.8,0.7,0
800,2024-08-06 01:00:00,2.2,421.0,23.5,20.4,0.7,0
801,2024-08-06 02:00:00,2.2,416.0,23.7,20.6,0.7,0
802,2024-08-06 03:00:00,2.2,466.0,23.1,20.8,0.7,0
803,2024-08-06 04:00:00,2.2,462.0,23.0,20.1,0.7,0
804,2024-08-06 05:00:00,2.2,457.0,22.9,19.5,0.7,0
805,2024-08-06 06:00:00,2.2,458.0,22.9,19.0,0.7,0
806,2024-08-06 07:00:00,1.92,467.0,22.8,18.6,0.7,0
807,2024-08-06 08:00:00,3.27,468.0,22.8,20.2,0.7,1
808,2024-08-06 09:00:00,2.3,466.0,22.8,21.8,0.7,1
809,2024-08-06 10:00:00,2.3,461.0,22.8,23.1,0.7,1
810,2024-08-06 11:00:00,2.3,458.0,22.8,23.5,0.7,1
811,2024-08-06 12:00:00,2.3,460.0,22.7,23.4,0.7,1
812,2024-08-06 13:00:00,2.3,459.0,22.6,22.9,0.7,1
813,2024-08-06 14:00:00,2.3,457.0,22.6,22.2,0.7,1
814,2024-08-06 15:00:00,2.23,454.0,22.5,21.1,0.7,1
815,2024-08-06 16:00:00,2.3,460.0,22.5,20.7,0.7,1
816,2024-08-06 17:00:00,2.3,469.0,22.5,21.7,0.7,1
817,2024-08-06 18:00:00,1.44,414.0,23.0,21.9,0.7,0
818,2024-08-06 20:00:00,1.41,412.0,23.5,21.3,0.7,0
819,2024-08-06 21:00:00,2.49,423.0,23.5,20.6,0.7,0
820,2024-08-06 22:00:00,2.3,443.0,23.5,19.7,0.7,0
821,2024-08-06 23:00:00,2.3,440.0,23.3,18.8,0.7,0
822,2024-08-07 00:00:00,2.3,435.0,23.4,17.8,0.7,0
823,2024-08-07 01:00:00,2.3,433.0,23.3,17.2,0.7,0
824,2024-08-07 02:00:00,2.3,432.0,23.3,17.1,0.7,0
825,2024-08-07 03:00:00,2.3,471.0,22.7,16.4,0.7,0
826,2024-08-07 04:00:00,2.3,465.0,22.6,15.8,0.7,0
827,2024-08-07 05:00:00,2.3,459.0,22.4,15.2,0.7,0
828,2024-08-07 06:00:00,2.3,466.0,22.4,15.0,0.7,0
829,2024-08-07 07:00:00,1.74,469.0,22.4,15.1,0.7,0
830,2024-08-07 08:00:00,3.22,466.0,22.3,16.7,0.7,0
831,2024-08-07 09:00:00,2.3,465.0,22.3,18.0,0.7,0
832,2024-08-07 10:00:00,2.19,468.0,22.3,19.4,0.7,1
833,2024-08-07 11:00:00,2.02,467.0,22.3,19.8,0.7,1
834,2024-08-07 12:00:00,2.49,469.0,22.2,20.3,0.7,1
835,2024-08-07 13:00:00,2.11,470.0,22.1,20.2,0.7,0
836,2024-08-07 14:00:00,2.34,466.0,22.0,19.9,0.7,0
837,2024-08-07 15:00:00,2.16,464.0,21.9,20.3,0.7,0
838,2024-08-08 00:00:00,2.15,411.0,22.9,17.7,0.7,0
839,2024-08-08 01:00:00,1.9,418.0,23.0,17.2,0.7,0
840,2024-08-08 02:00:00,1.9,408.0,23.0,16.7,0.7,0
841,2024-08-08 03:00:00,1.96,462.0,22.4,16.5,0.7,0
842,2024-08-08 04:00:00,2.4,459.0,22.3,16.1,0.7,0
843,2024-08-08 05:00:00,2.4,456.0,22.3,15.9,0.7,0
844,2024-08-08 06:00:00,2.4,459.0,22.3,15.9,0.7,0
845,2024-08-08 07:00:00,1.77,463.0,22.3,15.7,0.7,0
846,2024-08-08 08:00:00,3.32,462.0,22.1,17.1,0.7,0
847,2024-08-08 09:00:00,2.2,454.0,22.1,18.9,0.7,1
848,2024-08-08 10:00:00,2.4,460.0,22.1,20.0,0.7,1
849,2024-08-08 11:00:00,2.14,459.0,22.0,20.3,0.7,1
850,2024-08-08 12:00:00,2.06,456.0,22.0,20.4,0.7,1
851,2024-08-08 13:00:00,2.19,458.0,21.9,19.9,0.7,1
852,2024-08-08 14:00:00,2.12,461.0,21.9,20.2,0.7,1
853,2024-08-08 16:00:00,1.05,466.0,21.8,19.4,0.7,1
854,2024-08-08 17:00:00,1.88,479.0,21.8,18.3,0.7,1
855,2024-08-08 18:00:00,2.5,426.0,22.2,18.2,0.7,1
856,2024-08-08 19:00:00,2.5,409.0,22.6,19.0,0.7,0
857,2024-08-08 20:00:00,2.5,410.0,22.7,19.7,0.7,0
858,2024-08-08 21:00:00,2.5,407.0,22.7,20.2,0.7,0
859,2024-08-08 22:00:00,2.09,412.0,22.8,20.6,0.7,0
860,2024-08-09 07:00:00,1.88,482.0,22.2,20.4,0.7,1
861,2024-08-09 08:00:00,3.29,474.0,22.3,20.8,0.7,1
862,2024-08-09 09:00:00,2.33,467.0,22.3,20.9,0.7,1
863,2024-08-09 10:00:00,2.49,463.0,22.3,20.4,0.7,1
864,2024-08-09 11:00:00,2.3,456.0,22.3,21.3,0.7,1
865,2024-08-09 12:00:00,2.5,456.0,22.3,22.1,0.7,1
866,2024-08-09 13:00:00,2.3,458.0,22.3,23.3,0.7,1
867,2024-08-09 14:00:00,2.55,454.0,22.3,24.2,0.7,1
868,2024-08-09 15:00:00,2.29,455.0,22.2,24.3,0.7,1
869,2024-08-09 16:00:00,2.4,458.0,22.0,24.6,0.7,1
870,2024-08-09 17:00:00,2.4,454.0,21.8,23.5,0.7,1
871,2024-08-09 18:00:00,2.4,441.0,22.0,23.4,0.7,1
872,2024-08-09 19:00:00,1.15,438.0,22.1,23.1,0.7,1
873,2024-08-09 20:00:00,2.07,438.0,22.2,22.4,0.7,0
874,2024-08-09 21:00:00,0.425,439.0,22.3,20.9,0.7,0
875,2024-08-24 19:00:00,1.5112499999999998,501.0,22.3,16.1,0.7,0
876,2024-08-24 20:00:00,1.83,504.0,21.9,15.8,0.7,0
877,2024-08-24 21:00:00,1.8,504.0,21.9,15.1,0.7,0
878,2024-08-24 22:00:00,1.8,505.0,21.8,14.9,0.7,0
879,2024-08-24 23:00:00,1.8,502.0,21.7,14.5,0.7,0
880,2024-08-25 00:00:00,1.8,503.0,21.6,13.7,0.7,0
881,2024-08-25 01:00:00,1.8,496.0,21.6,13.0,0.7,0
882,2024-08-25 02:00:00,1.8,494.0,21.6,12.8,0.8,0
883,2024-08-25 03:00:00,1.8,502.0,21.6,12.2,0.7,0
884,2024-08-25 04:00:00,1.8,503.0,21.6,11.8,0.6,0
885,2024-08-25 05:00:00,1.8,503.0,21.5,11.5,0.2,0
886,2024-08-25 06:00:00,1.8,507.0,21.4,11.3,0.0,0
887,2024-08-25 07:00:00,1.78,511.0,21.4,11.4,0.0,0
888,2024-08-25 08:00:00,2.16,513.0,21.3,12.5,0.7,0
889,2024-08-25 09:00:00,2.05,511.0,21.3,14.3,0.3,0
890,2024-08-25 10:00:00,1.62,510.0,21.3,16.1,0.3,1
891,2024-08-25 11:00:00,2.02,510.0,21.1,16.7,0.2,1
892,2024-08-25 12:00:00,1.5,509.0,21.1,17.4,0.2,1
893,2024-08-25 13:00:00,2.1,508.0,21.0,18.4,0.2,1
894,2024-08-25 14:00:00,1.5,507.0,20.8,18.5,0.4,1
895,2024-08-25 15:00:00,1.83,508.0,20.8,18.3,0.4,1
896,2024-08-25 16:00:00,1.73,510.0,20.6,17.6,0.4,1
897,2024-08-25 17:00:00,1.75,507.0,20.5,17.4,0.5,1
898,2024-08-25 18:00:00,1.88,510.0,20.7,17.0,0.4,1
899,2024-08-26 07:00:00,1.66,508.0,21.6,16.0,0.7,1
900,2024-08-26 08:00:00,2.34,505.0,21.6,16.3,0.7,1
901,2024-08-26 09:00:00,1.73,500.0,21.5,17.8,0.7,1
902,2024-08-26 10:00:00,1.9,503.0,21.4,18.6,0.3,1
903,2024-08-26 11:00:00,1.9,503.0,21.4,19.3,0.3,1
904,2024-08-26 12:00:00,1.9,502.0,21.3,20.5,0.3,1
905,2024-08-26 13:00:00,1.9,503.0,21.3,20.8,0.3,1
906,2024-08-26 14:00:00,1.9,503.0,21.3,21.0,0.3,1
907,2024-08-26 15:00:00,1.59,502.0,21.1,22.2,0.2,1
908,2024-08-26 16:00:00,1.61,499.0,21.0,22.4,0.2,1
909,2024-08-26 17:00:00,1.93,499.0,21.0,21.5,0.2,1
910,2024-08-26 18:00:00,1.8,505.0,21.0,20.9,0.2,1
911,2024-08-26 19:00:00,1.8,511.0,21.1,20.5,0.2,1
912,2024-08-26 20:00:00,1.8,515.0,21.2,20.1,0.3,1
913,2024-08-26 21:00:00,1.8,519.0,21.2,19.1,0.3,1
914,2024-08-26 22:00:00,1.8,517.0,21.4,18.0,0.3,1
915,2024-08-26 23:00:00,1.8,520.0,21.6,17.3,0.7,0
916,2024-08-27 00:00:00,1.8,521.0,21.7,17.2,0.7,0
917,2024-08-27 01:00:00,1.8,523.0,21.8,17.0,0.7,0
918,2024-08-27 02:00:00,1.8,520.0,21.9,16.8,0.7,0
919,2024-08-27 03:00:00,1.8,518.0,21.9,16.9,0.7,0
920,2024-08-27 04:00:00,1.8,510.0,21.8,16.8,0.7,0
921,2024-08-27 05:00:00,1.8,513.0,21.8,16.9,0.7,0
922,2024-08-27 06:00:00,1.8,518.0,21.8,16.9,0.7,1
923,2024-08-27 07:00:00,1.56,519.0,21.8,17.2,0.7,1
924,2024-08-27 08:00:00,2.16,537.0,21.8,17.9,0.7,1
925,2024-08-27 09:00:00,1.6,514.0,21.8,18.7,0.7,1
926,2024-08-27 10:00:00,1.9,508.0,21.6,19.9,0.7,1
927,2024-08-27 11:00:00,1.5,504.0,21.6,21.2,0.7,1
928,2024-08-27 12:00:00,1.78,507.0,21.5,22.5,0.7,1
929,2024-08-27 13:00:00,1.54,506.0,21.5,23.2,0.7,1
930,2024-08-27 14:00:00,1.94,467.0,21.4,23.4,0.3,1
931,2024-08-27 15:00:00,1.74,468.0,21.3,24.6,0.3,1
932,2024-08-27 16:00:00,1.68,471.0,21.3,24.1,0.3,1
933,2024-08-27 17:00:00,1.84,477.0,21.3,23.0,0.3,1
934,2024-08-27 20:00:00,1.97,441.0,22.6,22.4,0.7,0
935,2024-08-27 21:00:00,1.5,436.0,23.0,21.5,0.7,0
936,2024-08-27 22:00:00,1.3,429.0,23.3,20.7,0.7,0
937,2024-08-28 02:00:00,0.875,492.0,24.4,18.1,0.7,0
938,2024-08-28 03:00:00,0.5,479.0,24.2,17.7,0.7,0
939,2024-08-28 04:00:00,0.5,469.0,23.9,17.1,0.7,0
940,2024-08-28 05:00:00,0.5,468.0,23.7,16.6,0.7,0
941,2024-08-28 06:00:00,0.5,476.0,23.0,16.3,0.7,0
942,2024-08-28 07:00:00,0.357,484.0,22.9,16.6,0.7,0
943,2024-08-28 08:00:00,0.46425000000000005,483.0,22.8,17.1,0.7,1
944,2024-08-28 09:00:00,0.4523333333333334,485.0,22.7,18.3,0.7,1
945,2024-08-28 10:00:00,0.4285000000000001,486.0,22.5,22.0,0.7,1
946,2024-08-28 11:00:00,0.357,488.0,22.4,24.9,0.7,1
947,2024-08-28 12:00:00,0.357,497.0,22.4,26.9,0.7,1
948,2024-08-28 13:00:00,0.357,497.0,22.3,27.0,0.7,1
949,2024-08-28 14:00:00,0.357,493.0,22.3,28.5,0.7,1
950,2024-08-28 15:00:00,0.357,499.0,22.2,28.4,0.7,1
951,2024-08-28 16:00:00,0.357,509.0,22.1,28.4,0.7,1
952,2024-08-28 17:00:00,0.357,510.0,22.2,27.2,0.7,1
953,2024-08-28 18:00:00,0.357,501.0,22.2,26.9,0.7,1
954,2024-08-28 19:00:00,0.357,466.0,22.6,26.1,0.7,1
955,2024-08-28 20:00:00,0.357,452.0,23.2,25.2,0.7,1
956,2024-08-28 21:00:00,0.357,488.0,23.0,24.7,0.7,1
957,2024-08-28 22:00:00,0.357,475.0,23.2,24.2,0.7,0
958,2024-08-28 23:00:00,0.357,469.0,24.3,23.6,0.7,0
959,2024-08-29 00:00:00,0.4,476.0,24.9,21.8,0.7,0
960,2024-08-29 01:00:00,0.4,452.0,25.5,20.2,0.7,0
961,2024-08-29 02:00:00,0.4,450.0,26.0,19.0,0.7,0
962,2024-08-29 03:00:00,0.4,469.0,25.9,18.0,0.7,0
963,2024-08-29 04:00:00,0.4,490.0,25.7,17.1,0.7,0
964,2024-08-29 05:00:00,0.4,475.0,25.2,16.4,0.7,0
965,2024-08-29 06:00:00,0.4,485.0,24.3,15.8,0.7,0
966,2024-08-29 07:00:00,0.4,484.0,24.1,15.4,0.7,0
967,2024-08-29 08:00:00,0.4,481.0,23.9,16.5,0.7,0
968,2024-08-29 09:00:00,0.4,482.0,23.8,18.0,0.7,0
969,2024-08-29 10:00:00,0.4,479.0,23.5,19.0,0.7,0
970,2024-08-29 11:00:00,0.4,477.0,23.3,19.6,0.7,0
971,2024-08-29 12:00:00,0.4,478.0,23.1,21.0,0.7,0
972,2024-08-29 13:00:00,0.4,479.0,23.1,21.1,0.7,0
973,2024-08-29 14:00:00,0.4,479.0,22.9,21.0,0.7,0
974,2024-08-29 15:00:00,0.4,476.0,22.8,22.0,0.7,1
975,2024-08-29 16:00:00,0.4,485.0,22.6,21.9,0.7,1
976,2024-08-29 17:00:00,0.4,466.0,22.5,21.2,0.7,1
977,2024-08-29 18:00:00,0.4,455.0,22.2,21.0,0.7,1
978,2024-08-29 19:00:00,0.4,452.0,22.3,20.7,0.7,0
979,2024-08-29 20:00:00,0.4,455.0,22.6,20.1,0.7,0
980,2024-08-29 21:00:00,0.4,454.0,22.8,19.6,0.7,0
981,2024-08-29 22:00:00,0.4,455.0,22.7,18.9,0.7,0
982,2024-08-29 23:00:00,0.4,451.0,23.0,18.2,0.7,0
983,2024-08-30 00:00:00,1.7,451.0,23.2,17.4,0.7,0
984,2024-08-30 01:00:00,3.36,451.0,23.6,16.7,0.7,0
985,2024-08-30 02:00:00,2.2,448.0,23.8,15.9,0.7,0
986,2024-08-30 03:00:00,2.2,479.0,23.0,15.6,0.7,0
987,2024-08-30 04:00:00,2.2,479.0,22.6,14.6,0.7,0
988,2024-08-30 05:00:00,2.2,486.0,22.4,12.8,0.8,0
989,2024-08-30 06:00:00,2.2,489.0,22.4,13.1,0.7,0
990,2024-08-30 07:00:00,2.4,492.0,22.5,12.9,0.7,0
991,2024-08-30 08:00:00,2.43,490.0,22.5,13.3,0.6,0
992,2024-08-30 09:00:00,2.37,482.0,22.5,15.0,0.7,0
993,2024-08-30 10:00:00,2.29,480.0,22.5,16.9,0.7,0
994,2024-08-30 11:00:00,2.29,478.0,22.3,19.1,0.7,1
995,2024-08-30 12:00:00,2.17,478.0,22.3,20.2,0.7,1
996,2024-08-30 13:00:00,2.33,483.0,22.3,20.7,0.7,1
997,2024-08-30 14:00:00,2.1,490.0,22.1,22.0,0.7,1
998,2024-08-30 15:00:00,2.25,489.0,21.8,21.9,0.7,1
999,2024-08-30 16:00:00,2.1,489.0,21.5,21.7,0.7,1
1000,2024-08-30 17:00:00,2.1,490.0,21.5,21.5,0.7,1
1001,2024-08-30 18:00:00,2.1,459.0,21.9,20.9,0.7,1
1002,2024-08-30 19:00:00,2.1,445.0,22.3,20.2,0.7,0
1003,2024-08-30 20:00:00,2.1,443.0,22.7,19.2,0.7,0
1004,2024-08-30 21:00:00,2.1,440.0,22.8,17.9,0.7,0
1005,2024-08-30 22:00:00,2.1,445.0,23.0,16.7,0.7,0
1006,2024-08-30 23:00:00,2.1,446.0,22.9,16.1,0.7,0
1007,2024-08-31 00:00:00,2.1,438.0,23.0,15.6,0.7,0
1008,2024-08-31 01:00:00,2.1,431.0,23.1,15.2,0.7,0
1009,2024-08-31 02:00:00,2.1,436.0,23.1,15.2,0.7,0
1010,2024-08-31 03:00:00,2.1,476.0,22.5,14.9,0.7,0
1011,2024-08-31 04:00:00,2.1,472.0,22.3,14.9,0.7,0
1012,2024-08-31 05:00:00,2.1,472.0,22.1,15.0,0.7,0
1013,2024-08-31 06:00:00,2.1,474.0,22.1,15.0,0.7,0
1014,2024-08-31 07:00:00,1.7,473.0,22.1,15.0,0.7,0
1015,2024-08-31 08:00:00,2.0,477.0,22.1,15.2,0.7,0
1016,2024-08-31 09:00:00,2.2,474.0,22.0,15.8,0.7,0
1017,2024-08-31 10:00:00,1.8,469.0,22.0,16.8,0.7,0
1018,2024-08-31 11:00:00,2.21,470.0,21.9,17.4,0.7,0
1019,2024-08-31 12:00:00,1.91,469.0,21.9,18.4,0.7,1
1020,2024-08-31 13:00:00,2.27,472.0,21.9,18.3,0.7,1
1021,2024-08-31 14:00:00,2.2,471.0,21.8,18.4,0.7,1
1022,2024-08-31 15:00:00,1.62,467.0,21.8,18.8,0.7,1
1023,2024-08-31 16:00:00,1.6,466.0,21.5,18.9,0.7,1
1024,2024-08-31 17:00:00,1.6,486.0,21.5,18.9,0.7,1
1025,2024-08-31 18:00:00,1.6,463.0,21.8,18.4,0.7,1
1026,2024-08-31 19:00:00,1.6,443.0,22.3,18.4,0.7,0
1027,2024-08-31 20:00:00,1.6,440.0,22.4,18.5,0.7,0
1028,2024-08-31 21:00:00,1.6,439.0,22.5,18.5,0.7,0
1029,2024-08-31 22:00:00,1.6,448.0,22.5,18.8,0.7,0
1030,2024-08-31 23:00:00,1.6,439.0,22.6,19.3,0.7,0
1031,2024-09-01 00:00:00,1.6,434.0,22.6,19.1,0.7,0
1032,2024-09-01 01:00:00,1.6,437.0,22.6,18.3,0.7,0
1033,2024-09-01 02:00:00,1.6,430.0,22.6,18.2,0.7,0
1034,2024-09-01 03:00:00,1.6,425.0,22.6,18.0,0.7,0
1035,2024-09-01 04:00:00,1.6,460.0,22.2,17.9,0.7,0
1036,2024-09-01 05:00:00,1.6,472.0,21.9,17.9,0.7,1
1037,2024-09-01 06:00:00,1.6,475.0,21.9,18.3,0.7,1
1038,2024-09-01 07:00:00,1.42,467.0,21.9,18.7,0.7,1
1039,2024-09-01 08:00:00,2.64,467.0,21.9,19.1,0.7,1
1040,2024-09-01 09:00:00,1.9,465.0,21.9,19.5,0.7,1
1041,2024-09-01 10:00:00,2.07,463.0,21.9,21.2,0.7,1
1042,2024-09-01 11:00:00,1.6,463.0,21.8,22.2,0.7,1
1043,2024-09-01 12:00:00,2.06,461.0,21.8,24.8,0.7,1
1044,2024-09-01 13:00:00,1.8,462.0,21.8,27.6,0.7,1
1045,2024-09-01 14:00:00,2.17,461.0,21.8,29.0,0.7,1
1046,2024-09-01 15:00:00,1.8,459.0,21.8,29.7,0.7,1
1047,2024-09-01 16:00:00,1.8,459.0,21.8,29.7,0.7,1
1048,2024-09-01 17:00:00,1.8,460.0,21.8,27.9,0.7,1
1049,2024-09-01 18:00:00,1.8,461.0,21.8,26.9,0.7,1
1050,2024-09-01 19:00:00,1.8,465.0,21.8,26.2,0.7,1
1051,2024-09-01 20:00:00,1.8,466.0,22.0,25.0,0.7,1
1052,2024-09-01 21:00:00,1.8,468.0,22.1,23.9,0.7,1
1053,2024-09-01 22:00:00,1.8,470.0,22.2,23.1,0.7,1
1054,2024-09-01 23:00:00,1.8,474.0,22.3,22.5,0.7,1
1055,2024-09-02 00:00:00,1.8,486.0,22.5,22.1,0.7,1
1056,2024-09-02 01:00:00,1.8,488.0,22.7,22.1,0.7,1
1057,2024-09-02 02:00:00,1.8,492.0,22.8,22.0,0.7,1
1058,2024-09-02 03:00:00,1.8,494.0,22.8,21.9,0.7,1
1059,2024-09-02 04:00:00,1.8,493.0,22.7,21.8,0.7,1
1060,2024-09-02 05:00:00,1.8,495.0,22.6,21.9,0.7,1
1061,2024-09-02 06:00:00,1.8,498.0,22.6,21.3,0.7,1
1062,2024-09-02 07:00:00,1.62,512.0,22.6,21.7,0.7,1
1063,2024-09-02 08:00:00,2.91,506.0,22.6,21.9,0.7,1
1064,2024-09-02 10:00:00,2.27,500.0,22.5,22.0,0.7,1
1065,2024-09-02 12:00:00,2.26,493.0,22.4,21.7,0.7,1
1066,2024-09-02 13:00:00,2.1,493.0,22.4,21.5,0.7,1
1067,2024-09-02 14:00:00,2.39,488.0,22.3,21.8,0.7,1
1068,2024-09-03 07:00:00,1.81,498.0,22.2,19.0,0.7,1
1069,2024-09-03 08:00:00,2.8,492.0,22.2,19.2,0.7,1
1070,2024-09-03 09:00:00,2.1,484.0,22.2,19.6,0.7,1
1071,2024-09-03 10:00:00,2.4,475.0,22.2,20.3,0.7,1
1072,2024-09-03 11:00:00,2.1,472.0,22.1,21.4,0.7,1
1073,2024-09-03 12:00:00,2.1,468.0,22.1,23.4,0.7,1
1074,2024-09-03 13:00:00,2.1,471.0,22.1,24.0,0.7,1
1075,2024-09-03 14:00:00,2.23,469.0,22.0,24.7,0.7,1
1076,2024-09-03 15:00:00,1.87,469.0,21.9,24.9,0.7,1
1077,2024-09-03 16:00:00,1.98,474.0,21.8,23.9,0.7,1
1078,2024-09-03 20:00:00,1.82,458.0,22.5,18.9,0.7,0
1079,2024-09-04 04:00:00,1.9,480.0,22.0,18.0,0.7,0
1080,2024-09-04 07:00:00,1.54,491.0,21.8,14.7,0.7,0
1081,2024-09-04 08:00:00,2.59,482.0,21.8,15.0,0.7,0
1082,2024-09-04 09:00:00,1.8,475.0,21.8,15.0,0.7,0
1083,2024-09-04 10:00:00,1.8,470.0,21.8,17.2,0.7,0
1084,2024-09-04 11:00:00,2.03,468.0,21.8,17.7,0.7,1
1085,2024-09-04 12:00:00,1.8,454.0,21.7,18.4,0.7,1
1086,2024-09-04 13:00:00,2.04,453.0,21.7,19.6,0.7,1
1087,2024-09-04 14:00:00,1.8,457.0,21.6,19.1,0.7,1
1088,2024-09-04 15:00:00,2.03,457.0,21.4,18.4,0.3,1
1089,2024-09-04 16:00:00,1.8,468.0,21.3,18.5,0.3,1
1090,2024-09-04 17:00:00,1.8,475.0,21.2,18.4,0.3,1
1091,2024-09-04 18:00:00,1.8,451.0,21.8,18.3,0.7,0
1092,2024-09-04 19:00:00,1.8,440.0,22.1,18.1,0.7,0
1093,2024-09-04 20:00:00,1.8,436.0,22.2,17.4,0.7,0
1094,2024-09-04 21:00:00,1.8,434.0,22.2,16.9,0.7,0
1095,2024-09-04 22:00:00,1.8,433.0,22.2,16.1,0.7,0
1096,2024-09-04 23:00:00,1.8,432.0,22.4,15.7,0.7,0
1097,2024-09-05 00:00:00,1.8,434.0,22.5,15.5,0.7,0
1098,2024-09-05 01:00:00,1.8,435.0,22.6,15.5,0.7,0
1099,2024-09-05 02:00:00,1.82,467.0,22.0,14.8,0.7,0
1100,2024-09-05 03:00:00,2.63,470.0,21.9,14.5,0.7,0
1101,2024-09-05 04:00:00,2.3,466.0,21.9,14.5,0.7,0
1102,2024-09-05 05:00:00,2.3,465.0,21.8,14.2,0.7,0
1103,2024-09-05 06:00:00,2.28,480.0,21.9,14.1,0.7,0
1104,2024-09-05 07:00:00,1.57,466.0,21.8,14.1,0.7,0
1105,2024-09-05 08:00:00,3.08,463.0,21.8,14.5,0.7,1
1106,2024-09-05 16:00:00,1.19,461.0,21.2,21.4,0.3,1
1107,2024-09-05 17:00:00,2.03,458.0,21.1,21.5,0.2,1
1108,2024-09-05 18:00:00,2.24,457.0,20.9,21.6,0.3,1
1109,2024-09-05 19:00:00,2.2,456.0,21.3,21.8,0.3,1
1110,2024-09-05 20:00:00,2.2,445.0,21.5,21.9,0.7,1
1111,2024-09-05 21:00:00,2.2,431.0,21.9,22.3,0.7,1
1112,2024-09-05 22:00:00,2.2,425.0,22.1,22.7,0.7,1
1113,2024-09-05 23:00:00,2.2,412.0,22.3,22.5,0.7,1
1114,2024-09-06 00:00:00,2.2,424.0,22.3,22.3,0.7,1
1115,2024-09-06 01:00:00,2.2,422.0,22.2,22.0,0.7,1
1116,2024-09-06 02:00:00,2.2,428.0,22.2,21.8,0.7,1
1117,2024-09-06 03:00:00,2.2,430.0,22.1,21.4,0.7,1
1118,2024-09-06 04:00:00,2.2,469.0,22.1,21.2,0.7,1
1119,2024-09-06 05:00:00,2.2,472.0,22.0,21.1,0.7,1
1120,2024-09-06 06:00:00,2.2,476.0,22.0,21.0,0.7,1
1121,2024-09-06 07:00:00,1.89,477.0,21.8,20.6,0.7,1
1122,2024-09-06 08:00:00,2.94,478.0,21.8,19.9,0.7,1
1123,2024-09-06 09:00:00,2.12,477.0,21.8,19.7,0.7,1
1124,2024-09-06 10:00:00,2.27,474.0,21.8,19.6,0.7,1
1125,2024-09-06 11:00:00,2.35,480.0,21.8,19.9,0.7,1
1126,2024-09-06 12:00:00,2.21,479.0,21.8,20.4,0.7,1
1127,2024-09-06 13:00:00,2.34,484.0,21.8,21.5,0.7,1
1128,2024-09-06 14:00:00,2.3,489.0,21.9,22.9,0.7,1
1129,2024-09-06 15:00:00,2.51,484.0,21.8,21.0,0.7,1
1130,2024-09-06 16:00:00,2.3,481.0,21.8,20.7,0.7,1
1131,2024-09-06 17:00:00,2.3,485.0,21.6,19.2,0.7,1
1132,2024-09-06 18:00:00,1.73,482.0,21.8,18.2,0.7,0
1133,2024-09-06 19:00:00,1.7,458.0,21.9,18.2,0.7,0
1134,2024-09-06 20:00:00,1.7,442.0,22.1,18.0,0.7,0
1135,2024-09-06 21:00:00,1.73,437.0,22.2,18.0,0.7,0
1136,2024-09-06 22:00:00,2.14,460.0,22.1,17.8,0.7,0
1137,2024-09-06 23:00:00,1.8,463.0,22.0,17.8,0.7,0
1138,2024-09-07 00:00:00,1.8,454.0,22.0,17.2,0.7,0
1139,2024-09-07 01:00:00,1.8,448.0,21.9,16.9,0.7,0
1140,2024-09-07 02:00:00,1.8,446.0,21.9,17.4,0.7,0
1141,2024-09-07 03:00:00,1.8,448.0,21.9,17.4,0.7,0
1142,2024-09-07 04:00:00,1.8,462.0,21.4,17.0,0.3,0
1143,2024-09-07 05:00:00,1.8,465.0,21.3,16.5,0.3,0
1144,2024-09-07 06:00:00,1.86,473.0,21.3,16.2,0.3,1
1145,2024-09-07 07:00:00,1.9,478.0,21.3,16.0,0.3,1
1146,2024-09-07 08:00:00,2.99,480.0,21.4,16.1,0.3,1
1147,2024-09-07 09:00:00,1.99,481.0,21.4,16.9,0.3,1
1148,2024-09-07 10:00:00,1.9,479.0,21.4,18.0,0.3,1
1149,2024-09-07 11:00:00,1.9,480.0,21.4,18.9,0.3,1
1150,2024-09-07 12:00:00,2.07,474.0,21.4,19.9,0.3,1
1151,2024-09-07 13:00:00,2.35,480.0,21.4,20.4,0.3,1
1152,2024-09-07 14:00:00,1.96,482.0,21.3,21.1,0.3,1
1153,2024-09-07 15:00:00,2.01,488.0,21.3,21.6,0.3,1
1154,2024-09-07 16:00:00,1.9,492.0,21.0,21.7,0.2,1
1155,2024-09-07 17:00:00,1.88,499.0,20.8,21.6,0.4,1
1156,2024-09-07 18:00:00,1.63,477.0,21.2,21.8,0.3,1
1157,2024-09-07 19:00:00,1.4,471.0,21.5,21.4,0.7,1
1158,2024-09-07 20:00:00,1.66,458.0,21.6,21.1,0.7,1
1159,2024-09-07 21:00:00,1.3,454.0,21.7,20.6,0.7,1
1160,2024-09-07 22:00:00,1.41,451.0,21.7,20.4,0.7,1
1161,2024-09-07 23:00:00,1.8,446.0,21.9,20.3,0.7,1
1162,2024-09-08 00:00:00,1.8,440.0,21.9,19.9,0.7,1
1163,2024-09-08 01:00:00,1.8,440.0,21.9,19.8,0.7,0
1164,2024-09-08 02:00:00,1.8,477.0,21.4,20.2,0.3,1
1165,2024-09-08 03:00:00,1.8,476.0,21.3,17.7,0.3,0
1166,2024-09-08 04:00:00,1.8,467.0,21.2,16.8,0.3,0
1167,2024-09-08 05:00:00,1.8,466.0,21.3,15.8,0.3,0
1168,2024-09-08 06:00:00,1.8,467.0,21.4,15.3,0.3,0
1169,2024-09-08 07:00:00,2.01,469.0,21.4,15.3,0.3,1
1170,2024-09-08 08:00:00,2.52,469.0,21.5,16.7,0.7,1
1171,2024-09-08 09:00:00,1.8,467.0,21.5,18.2,0.7,1
1172,2024-09-08 10:00:00,2.15,463.0,21.5,18.5,0.7,1
1173,2024-09-08 11:00:00,2.1,459.0,21.5,18.4,0.7,1
1174,2024-09-08 12:00:00,1.99,459.0,21.5,20.9,0.7,1
1175,2024-09-08 13:00:00,1.9,459.0,21.4,20.1,0.3,1
1176,2024-09-08 15:00:00,1.92,464.0,21.3,21.6,0.3,1
1177,2024-09-08 16:00:00,2.12,459.0,21.1,21.2,0.2,1
1178,2024-09-08 17:00:00,1.82,449.0,21.0,20.8,0.2,1
1179,2024-09-08 18:00:00,2.04,443.0,21.1,20.5,0.2,1
1180,2024-09-08 19:00:00,1.8,445.0,21.2,17.7,0.3,1
1181,2024-09-08 20:00:00,1.8,448.0,21.3,18.2,0.3,1
1182,2024-09-08 21:00:00,1.8,458.0,21.4,18.0,0.3,1
1183,2024-09-08 22:00:00,1.89,452.0,21.5,17.5,0.7,0
1184,2024-09-08 23:00:00,2.3,449.0,21.5,17.0,0.7,0
1185,2024-09-09 00:00:00,2.3,448.0,21.6,16.9,0.7,0
1186,2024-09-09 01:00:00,2.3,442.0,21.7,16.7,0.7,0
1187,2024-09-09 02:00:00,2.3,449.0,21.8,16.8,0.7,0
1188,2024-09-09 03:00:00,2.3,451.0,21.8,17.1,0.7,0
1189,2024-09-09 04:00:00,2.3,453.0,21.6,17.0,0.7,0
1190,2024-09-09 05:00:00,2.3,461.0,21.5,16.4,0.7,0
1191,2024-09-09 06:00:00,2.16,462.0,21.5,15.1,0.7,0
1192,2024-09-09 07:00:00,1.59,463.0,21.4,14.6,0.3,0
1193,2024-09-09 08:00:00,2.39,461.0,21.4,14.4,0.3,0
1194,2024-09-09 09:00:00,1.9,460.0,21.3,14.5,0.3,0
1195,2024-09-09 10:00:00,1.93,461.0,21.3,14.3,0.3,0
1196,2024-09-09 11:00:00,2.07,455.0,21.3,14.4,0.3,0
1197,2024-09-09 12:00:00,1.8,451.0,21.2,14.4,0.3,0
1198,2024-09-09 13:00:00,2.07,446.0,21.0,15.1,0.2,1
1199,2024-09-09 14:00:00,1.95,445.0,20.8,16.5,0.4,1
1200,2024-09-09 15:00:00,1.91,445.0,20.6,16.4,0.4,1
1201,2024-09-09 16:00:00,1.79,448.0,20.4,15.7,0.5,1
1202,2024-09-09 17:00:00,1.65,452.0,20.3,16.4,0.6,1
1203,2024-09-09 18:00:00,1.87,439.0,20.4,16.4,0.5,1
1204,2024-09-09 19:00:00,1.58,435.0,20.5,16.4,0.5,1
1205,2024-09-09 20:00:00,1.7,434.0,20.6,15.9,0.4,0
1206,2024-09-09 21:00:00,1.55,432.0,20.7,15.2,0.4,0
1207,2024-09-09 22:00:00,1.7,432.0,20.7,14.5,0.4,0
1208,2024-09-09 23:00:00,1.7,432.0,20.7,13.6,0.4,0
1209,2024-09-10 00:00:00,1.7,428.0,20.7,12.9,0.4,0
1210,2024-09-10 01:00:00,1.7,431.0,20.7,12.0,0.2,0
1211,2024-09-10 02:00:00,1.7,430.0,20.8,11.8,0.3,0
1212,2024-09-10 03:00:00,1.7,449.0,20.6,11.5,-0.4,0
1213,2024-09-10 04:00:00,1.86,452.0,20.4,11.7,0.1,0
1214,2024-09-10 05:00:00,1.64,456.0,20.4,11.5,-0.3,0
1215,2024-09-10 06:00:00,1.66,459.0,20.5,12.3,0.1,0
1216,2024-09-10 07:00:00,1.49,461.0,20.4,11.6,-0.0,0
1217,2024-09-10 08:00:00,2.03,458.0,20.4,11.9,0.0,1
1218,2024-09-10 09:00:00,1.8,454.0,20.4,12.9,0.5,1
1219,2024-09-10 10:00:00,1.86,451.0,20.4,14.4,0.5,1
1220,2024-09-10 11:00:00,1.89,447.0,20.4,15.0,0.5,1
1221,2024-09-10 12:00:00,1.73,449.0,20.3,15.9,0.6,1
1222,2024-09-10 13:00:00,1.9,457.0,20.3,16.9,0.6,1
1223,2024-09-10 14:00:00,1.5,450.0,20.3,17.9,0.6,1
1224,2024-09-10 15:00:00,1.87,447.0,20.2,18.5,0.6,1
1225,2024-09-10 16:00:00,1.65,450.0,20.1,17.5,0.5,1
1226,2024-09-10 17:00:00,1.75,467.0,20.2,17.2,0.6,1
1227,2024-09-10 18:00:00,1.88,439.0,20.5,16.4,0.5,0
1228,2024-09-10 19:00:00,1.14,431.0,20.8,15.6,0.4,0
1229,2024-09-10 20:00:00,1.1,429.0,20.9,15.1,0.3,0
1230,2024-09-10 21:00:00,1.1,428.0,20.9,10.7,0.4,0
1231,2024-09-10 22:00:00,1.1,426.0,20.9,10.7,0.4,0
1232,2024-09-10 23:00:00,1.1,426.0,21.0,10.5,1.6,0
1233,2024-09-11 00:00:00,1.1,429.0,21.1,9.7,0.3,0
1234,2024-09-11 01:00:00,1.1,428.0,21.2,9.3,0.4,0
1235,2024-09-11 02:00:00,1.1,428.0,21.2,8.92,0.3,0
1236,2024-09-11 03:00:00,1.1,427.0,21.3,8.63,0.4,0
1237,2024-09-11 04:00:00,1.1,441.0,20.9,8.42,0.5,0
1238,2024-09-11 05:00:00,1.1,449.0,20.5,8.22,0.1,0
1239,2024-09-11 06:00:00,1.26,452.0,20.5,7.92,-0.4,0
1240,2024-09-11 07:00:00,0.894,452.0,20.4,7.74,0.1,0
1241,2024-09-11 08:00:00,1.09,452.0,20.2,8.61,0.6,0
1242,2024-09-11 12:00:00,0.64,450.0,19.8,12.6,0.4,1
1243,2024-09-11 13:00:00,0.4,451.0,19.8,12.9,0.4,1
1244,2024-09-11 14:00:00,0.4,450.0,19.6,12.9,0.4,1
1245,2024-09-11 15:00:00,0.4,452.0,19.4,13.5,0.4,1
1246,2024-09-11 16:00:00,0.4,455.0,19.3,10.9,0.1,0
1247,2024-09-11 17:00:00,0.4,465.0,19.1,10.3,0.1,1
1248,2024-09-11 18:00:00,0.4,439.0,19.4,10.7,0.2,0
1249,2024-09-11 19:00:00,0.4,439.0,19.5,10.6,0.2,0
1250,2024-09-11 20:00:00,0.4,432.0,19.5,10.2,1.0,0
1251,2024-09-11 21:00:00,0.4,431.0,19.7,9.6,0.2,0
1252,2024-09-11 22:00:00,0.4,438.0,19.9,9.03,0.1,0
1253,2024-09-11 23:00:00,0.4,439.0,19.9,8.5,0.3,0
1254,2024-09-12 00:00:00,0.4,437.0,20.2,8.06,-1.1,0
1255,2024-09-12 01:00:00,0.4,433.0,20.3,7.59,-0.1,0
1256,2024-09-12 02:00:00,0.4,438.0,20.2,7.29,-0.3,0
1257,2024-09-12 03:00:00,0.4,444.0,19.6,6.97,0.1,0
1258,2024-09-12 04:00:00,0.4,443.0,19.3,6.73,-0.0,0
1259,2024-09-12 05:00:00,0.4,443.0,19.3,6.6,0.1,0
1260,2024-09-12 06:00:00,0.4,446.0,19.3,6.39,-0.3,0
1261,2024-09-12 07:00:00,0.4,450.0,19.3,6.16,-0.2,0
1262,2024-09-12 08:00:00,0.4,447.0,19.2,7.42,0.1,0
1263,2024-09-12 09:00:00,0.4,448.0,19.2,9.1,0.4,1
1264,2024-09-12 10:00:00,0.4,446.0,19.2,10.7,0.2,1
1265,2024-09-12 11:00:00,0.4,441.0,19.2,11.2,0.2,1
1266,2024-09-12 12:00:00,0.4,445.0,19.1,12.3,0.1,1
1267,2024-09-12 13:00:00,0.4,446.0,19.1,13.1,0.4,1
1268,2024-09-12 14:00:00,0.4,446.0,19.0,10.8,0.2,1
1269,2024-09-12 15:00:00,0.4,447.0,18.8,9.59,0.1,1
1270,2024-09-12 16:00:00,0.4,456.0,18.8,9.93,0.3,1
1271,2024-09-12 17:00:00,0.4,486.0,18.8,10.9,0.1,1
1272,2024-09-12 18:00:00,0.4,470.0,18.9,11.0,0.1,1
1273,2024-09-12 19:00:00,0.4,428.0,19.3,10.9,0.1,0
1274,2024-09-12 20:00:00,0.4,433.0,19.5,9.83,-0.0,0
1275,2024-09-12 21:00:00,0.4,428.0,19.7,8.71,-0.1,0
1276,2024-09-12 22:00:00,0.4,430.0,19.8,8.59,0.4,0
1277,2024-09-12 23:00:00,0.4,428.0,20.1,8.18,0.1,0
1278,2024-09-13 00:00:00,0.4,427.0,20.1,7.43,-0.4,0
1279,2024-09-13 01:00:00,0.4,427.0,20.1,7.23,0.1,0
1280,2024-09-13 02:00:00,0.4,429.0,20.5,6.88,-0.4,0
1281,2024-09-13 03:00:00,0.4,451.0,19.7,6.64,-0.1,0
1282,2024-09-13 04:00:00,0.4,447.0,19.4,6.01,-0.2,0
1283,2024-09-13 05:00:00,0.4,446.0,19.3,5.7,-0.2,0
1284,2024-09-13 06:00:00,0.4,453.0,19.4,5.75,-0.2,0
1285,2024-09-13 07:00:00,0.4,457.0,19.3,5.47,-0.3,0
1286,2024-09-13 08:00:00,0.4,457.0,19.3,6.7,-0.1,0
1287,2024-09-13 09:00:00,0.4,455.0,19.3,7.86,0.2,1
1288,2024-09-13 10:00:00,0.4,453.0,19.2,9.85,0.2,1
1289,2024-09-13 11:00:00,0.4,454.0,19.1,10.7,0.2,1
1290,2024-09-13 12:00:00,0.4,458.0,19.0,13.6,0.4,1
1291,2024-09-13 13:00:00,0.4,461.0,18.9,14.2,0.4,1
1292,2024-09-13 14:00:00,0.4,460.0,18.7,13.2,0.4,1
1293,2024-09-13 15:00:00,0.4,465.0,18.5,15.2,0.4,1
1294,2024-09-13 16:00:00,0.4,487.0,18.5,14.8,0.4,1
1295,2024-09-13 17:00:00,0.4,487.0,18.6,13.9,0.4,1
1296,2024-09-13 18:00:00,0.4,448.0,19.0,14.0,0.4,1
1297,2024-09-13 19:00:00,0.4,437.0,19.1,13.3,0.4,1
1298,2024-09-13 20:00:00,0.4,430.0,19.3,13.2,0.4,1
1299,2024-09-13 21:00:00,0.4,430.0,19.5,12.9,0.4,1
1300,2024-09-13 22:00:00,0.4,430.0,19.6,11.7,0.2,0
1301,2024-09-13 23:00:00,0.4,431.0,19.8,11.2,0.1,0
1302,2024-09-14 00:00:00,0.4,433.0,20.1,10.4,0.2,0
1303,2024-09-14 01:00:00,0.4,433.0,20.4,9.71,0.2,0
1304,2024-09-14 02:00:00,0.4,435.0,20.7,9.36,-0.0,0
1305,2024-09-14 03:00:00,0.4,436.0,20.7,8.92,0.0,0
1306,2024-09-14 04:00:00,0.4,447.0,20.7,8.59,0.3,0
1307,2024-09-14 05:00:00,0.4,474.0,19.9,8.11,-1.0,0
1308,2024-09-14 06:00:00,0.4,493.0,19.9,7.87,-0.2,0
1309,2024-09-14 07:00:00,0.4,514.0,19.9,7.64,-0.2,0
1310,2024-09-14 08:00:00,0.4,526.0,19.7,8.2,0.2,0
1311,2024-09-14 09:00:00,0.4,525.0,19.5,9.62,0.1,0
1312,2024-09-14 10:00:00,0.4,530.0,19.4,9.642824427480916,0.3,0
1313,2024-09-14 11:00:00,0.4,528.0,19.4,9.665648854961832,0.1,0
1314,2024-09-14 12:00:00,0.4,529.0,19.3,9.688473282442747,0.1,0
1315,2024-09-14 13:00:00,0.4,527.0,19.3,9.711297709923663,0.1,0
1316,2024-09-14 14:00:00,0.4,517.0,19.1,9.73412213740458,0.1,0
1317,2024-09-14 15:00:00,0.4,506.0,18.9,9.756946564885496,0.1,1
1318,2024-09-14 16:00:00,0.4,504.0,18.6,9.779770992366412,-0.1,1
1319,2024-09-14 17:00:00,0.4,497.0,18.5,9.802595419847327,-0.1,1
1320,2024-09-14 18:00:00,0.4,514.0,18.8,9.825419847328243,-0.0,1
1321,2024-09-14 19:00:00,0.4,489.0,19.1,9.84824427480916,0.1,0
1322,2024-09-14 20:00:00,0.4,434.0,19.7,9.871068702290076,0.4,0
1323,2024-09-14 21:00:00,0.4,430.0,20.0,9.89389312977099,0.1,0
1324,2024-09-14 22:00:00,0.4,428.0,20.1,9.916717557251907,0.2,0
1325,2024-09-14 23:00:00,0.4,426.0,20.3,9.939541984732823,0.4,0
1326,2024-09-15 00:00:00,0.4,428.0,20.6,9.96236641221374,0.1,0
1327,2024-09-15 01:00:00,0.4,429.0,20.9,9.985190839694656,0.7,0
1328,2024-09-15 02:00:00,0.4,430.0,21.3,10.00801526717557,0.9,0
1329,2024-09-15 03:00:00,0.4,445.0,20.9,10.030839694656487,0.8,0
1330,2024-09-15 04:00:00,0.4,446.0,20.7,10.053664122137404,0.2,0
1331,2024-09-15 05:00:00,0.4,445.0,20.5,10.07648854961832,0.3,0
1332,2024-09-15 06:00:00,0.4,445.0,20.5,10.099312977099236,0.3,0
1333,2024-09-15 07:00:00,0.4,447.0,20.4,10.122137404580151,0.3,0
1334,2024-09-15 08:00:00,0.4,450.0,20.4,10.144961832061067,0.3,0
1335,2024-09-15 09:00:00,0.4,449.0,20.3,10.167786259541984,0.2,0
1336,2024-09-15 10:00:00,0.4,452.0,20.3,10.1906106870229,0.2,0
1337,2024-09-15 11:00:00,0.4,453.0,20.3,10.213435114503817,0.2,0
1338,2024-09-15 12:00:00,0.4,454.0,20.3,10.236259541984731,0.2,0
1339,2024-09-15 13:00:00,0.4,458.0,20.1,10.259083969465648,0.5,0
1340,2024-09-15 14:00:00,0.4,456.0,20.0,10.281908396946564,0.3,0
1341,2024-09-15 15:00:00,0.4,458.0,19.9,10.30473282442748,0.5,0
1342,2024-09-15 16:00:00,0.4,459.0,19.9,10.327557251908397,0.5,0
1343,2024-09-15 17:00:00,0.4,460.0,19.9,10.350381679389312,0.6,0
1344,2024-09-15 18:00:00,0.4,453.0,19.9,10.373206106870228,0.6,0
1345,2024-09-15 19:00:00,0.4,449.0,20.0,10.396030534351144,0.1,0
1346,2024-09-15 20:00:00,0.4,444.0,20.1,10.41885496183206,0.2,0
1347,2024-09-15 21:00:00,0.4,441.0,20.2,10.441679389312977,0.2,0
1348,2024-09-15 22:00:00,0.4,441.0,20.4,10.464503816793892,0.6,0
1349,2024-09-15 23:00:00,0.4,439.0,20.6,10.487328244274808,0.6,0
1350,2024-09-16 00:00:00,0.4,440.0,20.7,10.510152671755725,0.9,0
1351,2024-09-16 01:00:00,0.4,439.0,20.7,10.532977099236641,0.9,0
1352,2024-09-16 02:00:00,0.4,446.0,20.7,10.555801526717556,0.2,0
1353,2024-09-16 03:00:00,0.4,447.0,20.9,10.578625954198472,0.5,0
1354,2024-09-16 04:00:00,0.4,446.0,20.9,10.601450381679388,0.4,0
1355,2024-09-16 05:00:00,0.4,445.0,20.8,10.624274809160305,0.3,0
1356,2024-09-16 06:00:00,0.4,446.0,20.9,10.647099236641221,0.4,0
1357,2024-09-16 07:00:00,0.4,445.0,20.9,10.669923664122138,0.4,0
1358,2024-09-16 08:00:00,0.4,445.0,20.8,10.692748091603052,0.4,0
1359,2024-09-16 09:00:00,0.4,448.0,20.8,10.715572519083969,0.4,0
1360,2024-09-16 10:00:00,0.4,448.0,20.8,10.738396946564885,0.4,0
1361,2024-09-16 11:00:00,0.4,449.0,20.7,10.761221374045801,0.6,0
1362,2024-09-16 12:00:00,0.4,449.0,20.7,10.784045801526716,0.6,0
1363,2024-09-16 13:00:00,0.4,453.0,20.6,10.806870229007632,0.5,0
1364,2024-09-16 14:00:00,0.4,456.0,20.6,10.829694656488549,0.5,0
1365,2024-09-16 15:00:00,0.4,462.0,20.4,10.852519083969465,0.2,0
1366,2024-09-16 16:00:00,0.4,472.0,20.4,10.875343511450382,0.2,0
1367,2024-09-16 17:00:00,0.4,490.0,20.3,10.898167938931296,0.2,0
1368,2024-09-16 18:00:00,0.4,445.0,20.5,10.920992366412213,0.2,0
1369,2024-09-16 19:00:00,0.4,439.0,20.6,10.943816793893129,0.1,0
1370,2024-09-16 20:00:00,0.4,436.0,20.7,10.966641221374045,-0.1,0
1371,2024-09-16 21:00:00,0.4,435.0,20.7,10.989465648854962,-0.1,0
1372,2024-09-16 22:00:00,0.4,433.0,20.8,11.012290076335876,0.1,0
1373,2024-09-16 23:00:00,0.4,436.0,20.9,11.035114503816793,0.2,0
1374,2024-09-17 00:00:00,0.4,432.0,21.0,11.05793893129771,0.1,0
1375,2024-09-17 01:00:00,0.4,432.0,21.2,11.080763358778626,0.2,0
1376,2024-09-17 02:00:00,0.4,454.0,21.1,11.103587786259542,0.2,0
1377,2024-09-17 03:00:00,0.4,466.0,20.9,11.126412213740457,0.2,0
1378,2024-09-17 04:00:00,0.9,467.0,20.9,11.149236641221373,0.2,0
1379,2024-09-17 05:00:00,0.9,464.0,20.8,11.17206106870229,0.6,0
1380,2024-09-17 06:00:00,0.9,467.0,20.9,11.194885496183206,0.6,0
1381,2024-09-17 07:00:00,0.765,466.0,20.8,11.21770992366412,0.6,0
1382,2024-09-17 08:00:00,0.6,461.0,20.7,11.240534351145037,0.5,0
1383,2024-09-17 09:00:00,0.6,460.0,20.6,11.263358778625953,0.2,0
1384,2024-09-17 10:00:00,0.6,460.0,20.4,11.28618320610687,0.2,0
1385,2024-09-17 11:00:00,0.6,462.0,20.4,11.309007633587786,0.0,0
1386,2024-09-17 12:00:00,0.6,463.0,20.3,11.331832061068702,0.1,0
1387,2024-09-17 13:00:00,0.848,465.0,20.2,11.354656488549617,0.1,0
1388,2024-09-17 14:00:00,0.52,464.0,20.0,11.377480916030533,-0.1,0
1389,2024-09-17 15:00:00,0.6419999999999999,463.0,19.8,11.40030534351145,0.1,0
1390,2024-09-17 16:00:00,0.656,467.0,19.8,11.423129770992366,0.1,0
1391,2024-09-17 17:00:00,0.6839999999999999,476.0,19.9,11.44595419847328,-0.0,0
1392,2024-09-17 18:00:00,0.52,452.0,20.6,11.468778625954197,-0.4,0
1393,2024-09-17 19:00:00,0.52,450.0,20.9,11.491603053435114,0.2,0
1394,2024-09-17 20:00:00,0.52,442.0,21.0,11.51442748091603,0.6,0
1395,2024-09-17 21:00:00,0.52,446.0,21.2,11.537251908396946,0.2,0
1396,2024-09-17 22:00:00,0.52,442.0,21.5,11.560076335877861,0.5,0
1397,2024-09-17 23:00:00,0.52,436.0,21.6,11.582900763358777,0.5,0
1398,2024-09-18 00:00:00,2.5,428.0,21.8,11.605725190839694,0.5,0
1399,2024-09-18 01:00:00,2.17,425.0,22.0,11.62854961832061,0.5,0
1400,2024-09-18 07:00:00,1.39,464.0,21.2,11.651374045801525,0.3,0
1401,2024-09-18 08:00:00,2.45,464.0,21.1,11.674198473282441,0.6,0
1402,2024-09-18 09:00:00,1.8,459.0,20.9,11.697022900763358,0.6,0
1403,2024-09-18 10:00:00,1.93,455.0,20.9,11.719847328244274,0.6,0
1404,2024-09-18 11:00:00,1.8,455.0,20.9,11.74267175572519,0.6,0
1405,2024-09-18 12:00:00,1.94,454.0,20.9,11.765496183206107,0.6,0
1406,2024-09-18 13:00:00,1.6,456.0,20.8,11.788320610687022,0.3,0
1407,2024-09-18 14:00:00,1.7,455.0,20.8,11.811145038167938,0.3,0
1408,2024-09-18 15:00:00,1.5,455.0,20.7,11.833969465648854,0.0,0
1409,2024-09-18 16:00:00,2.07,486.0,20.6,11.85679389312977,0.0,0
1410,2024-09-18 17:00:00,1.58,522.0,20.4,11.879618320610685,0.0,0
1411,2024-09-18 18:00:00,1.5,485.0,20.9,11.902442748091602,0.7,0
1412,2024-09-18 19:00:00,1.5,482.0,21.4,11.925267175572518,0.6,0
1413,2024-09-18 20:00:00,1.5,471.0,21.6,11.948091603053435,0.7,0
1414,2024-09-18 21:00:00,1.5,447.0,22.0,11.970916030534351,0.7,0
1415,2024-09-18 22:00:00,1.5,468.0,22.2,11.993740458015267,0.7,0
1416,2024-09-18 23:00:00,1.5,463.0,22.5,12.016564885496182,0.8,0
1417,2024-09-19 00:00:00,1.5,468.0,22.5,12.039389312977098,0.8,0
1418,2024-09-19 01:00:00,1.5,449.0,22.8,12.062213740458015,0.8,0
1419,2024-09-19 02:00:00,1.5,436.0,23.0,12.085038167938931,0.8,0
1420,2024-09-19 03:00:00,1.5,431.0,22.9,12.107862595419846,0.9,0
1421,2024-09-19 04:00:00,1.5,448.0,22.5,12.130687022900762,0.9,0
1422,2024-09-19 05:00:00,1.5,460.0,21.8,12.153511450381679,0.7,0
1423,2024-09-19 06:00:00,1.5,488.0,21.7,12.176335877862595,0.7,0
1424,2024-09-19 07:00:00,1.39,465.0,21.3,12.199160305343511,0.6,0
1425,2024-09-19 08:00:00,1.15,469.0,21.3,12.221984732824428,0.6,0
1426,2024-09-19 09:00:00,1.2,471.0,21.4,12.244809160305342,0.6,0
1427,2024-09-19 10:00:00,1.2,466.0,21.4,12.267633587786259,0.9,0
1428,2024-09-19 11:00:00,1.2,464.0,21.4,12.290458015267175,0.9,0
1429,2024-09-19 12:00:00,1.2,467.0,21.3,12.31328244274809,0.9,0
1430,2024-09-19 13:00:00,1.2,468.0,21.4,12.336106870229006,0.9,0
1431,2024-09-19 14:00:00,1.2,464.0,21.3,12.358931297709923,0.9,0
1432,2024-09-19 15:00:00,1.2,467.0,21.3,12.381755725190839,0.9,0
1433,2024-09-19 16:00:00,0.692,497.0,21.3,12.404580152671755,0.8,0
1434,2024-09-19 17:00:00,1.073,513.0,21.4,12.427404580152672,0.8,0
1435,2024-09-19 18:00:00,2.27,476.0,21.8,12.450229007633586,0.8,0
1436,2024-09-19 19:00:00,1.8,465.0,22.1,12.473053435114503,0.8,0
1437,2024-09-19 20:00:00,1.8,467.0,22.2,12.49587786259542,0.8,0
1438,2024-09-19 21:00:00,1.8,459.0,22.4,12.518702290076336,0.7,0
1439,2024-09-19 22:00:00,1.8,470.0,22.3,12.54152671755725,0.7,0
1440,2024-09-19 23:00:00,1.8,472.0,22.6,12.564351145038167,0.8,0
1441,2024-09-20 00:00:00,2.11,457.0,22.7,12.587175572519083,0.8,0
1442,2024-09-20 01:00:00,1.72,457.0,22.9,12.61,0.8,0
1443,2024-09-20 02:00:00,1.7,454.0,22.8,12.632824427480916,0.8,0
1444,2024-09-20 03:00:00,1.7,484.0,22.2,12.655648854961832,0.8,0
1445,2024-09-20 04:00:00,1.7,465.0,22.0,12.678473282442747,0.8,0
1446,2024-09-20 05:00:00,2.07,461.0,21.9,12.701297709923663,0.8,0
1447,2024-09-20 06:00:00,2.3,467.0,21.9,12.72412213740458,0.8,0
1448,2024-09-20 07:00:00,1.69,469.0,21.9,12.746946564885496,0.8,0
1449,2024-09-20 08:00:00,3.32,472.0,21.8,12.76977099236641,0.8,0
1450,2024-09-20 09:00:00,2.08,462.0,21.8,12.792595419847327,0.8,0
1451,2024-09-20 10:00:00,1.92,459.0,21.7,12.815419847328243,0.8,0
1452,2024-09-20 11:00:00,2.06,453.0,21.6,12.83824427480916,0.8,0
1453,2024-09-20 12:00:00,1.96,450.0,21.6,12.861068702290076,0.7,0
1454,2024-09-20 13:00:00,2.08,443.0,21.6,12.883893129770993,0.7,0
1455,2024-09-20 14:00:00,1.97,443.0,21.5,12.906717557251907,0.8,0
1456,2024-09-20 15:00:00,2.05,445.0,21.4,12.929541984732824,0.7,0
1457,2024-09-20 16:00:00,1.94,463.0,21.4,12.95236641221374,0.5,0
1458,2024-09-20 17:00:00,2.09,508.0,21.5,12.975190839694655,0.7,0
1459,2024-09-20 18:00:00,1.9,468.0,21.9,12.998015267175571,0.7,0
1460,2024-09-20 19:00:00,1.9,454.0,22.3,13.020839694656487,0.7,0
1461,2024-09-20 20:00:00,1.9,452.0,22.2,13.043664122137404,0.7,0
1462,2024-09-20 21:00:00,1.9,447.0,22.5,13.06648854961832,0.7,0
1463,2024-09-20 22:00:00,1.9,433.0,22.8,13.089312977099237,0.7,0
1464,2024-09-20 23:00:00,1.9,423.0,22.9,13.112137404580151,0.7,0
1465,2024-09-21 00:00:00,2.11,416.0,23.1,13.134961832061068,0.7,0
1466,2024-09-21 01:00:00,1.9,412.0,23.2,13.157786259541984,0.7,0
1467,2024-09-21 02:00:00,1.9,418.0,23.0,13.1806106870229,0.7,0
1468,2024-09-21 03:00:00,1.9,472.0,22.2,13.203435114503815,0.7,0
1469,2024-09-21 04:00:00,1.9,481.0,21.9,13.226259541984732,0.7,0
1470,2024-09-21 05:00:00,1.9,478.0,21.8,13.249083969465648,0.7,0
1471,2024-09-21 06:00:00,1.9,470.0,21.8,13.271908396946564,0.6,0
1472,2024-09-21 07:00:00,1.79,471.0,21.7,13.29473282442748,0.6,0
1473,2024-09-21 08:00:00,2.12,468.0,21.6,13.317557251908397,0.6,0
1474,2024-09-21 09:00:00,1.91,456.0,21.6,13.340381679389312,0.6,0
1475,2024-09-21 10:00:00,2.23,450.0,21.6,13.363206106870228,0.6,0
1476,2024-09-21 11:00:00,2.2,456.0,21.6,13.386030534351145,0.6,0
1477,2024-09-21 12:00:00,2.17,449.0,21.6,13.408854961832061,0.7,0
1478,2024-09-21 13:00:00,2.22,453.0,21.6,13.431679389312976,0.7,0
1479,2024-09-21 14:00:00,2.05,452.0,21.5,13.454503816793892,0.7,0
1480,2024-09-21 15:00:00,2.26,448.0,21.4,13.477328244274808,0.1,0
1481,2024-09-21 16:00:00,2.13,471.0,21.4,13.500152671755725,0.1,0
1482,2024-09-21 17:00:00,2.26,507.0,21.5,13.522977099236641,0.7,0
1483,2024-09-21 18:00:00,2.1,459.0,21.9,13.545801526717558,0.7,0
1484,2024-09-21 19:00:00,2.1,457.0,22.3,13.568625954198472,0.7,0
1485,2024-09-21 20:00:00,2.1,456.0,22.5,13.591450381679389,0.7,0
1486,2024-09-21 21:00:00,2.1,454.0,22.6,13.614274809160305,0.7,0
1487,2024-09-21 22:00:00,2.1,462.0,22.6,13.63709923664122,0.7,0
1488,2024-09-21 23:00:00,2.1,448.0,22.9,13.659923664122136,0.7,0
1489,2024-09-22 00:00:00,2.1,441.0,23.1,13.682748091603052,0.7,0
1490,2024-09-22 01:00:00,2.1,430.0,23.2,13.705572519083969,0.7,0
1491,2024-09-22 02:00:00,2.1,424.0,23.2,13.728396946564885,0.7,0
1492,2024-09-22 03:00:00,2.1,472.0,22.9,13.751221374045802,0.6,0
1493,2024-09-22 04:00:00,2.1,469.0,22.2,13.774045801526718,0.6,0
1494,2024-09-22 05:00:00,2.1,470.0,22.0,13.796870229007633,0.6,0
1495,2024-09-22 06:00:00,2.1,475.0,22.0,13.819694656488549,0.6,0
1496,2024-09-22 07:00:00,1.61,490.0,22.0,13.842519083969464,0.6,0
1497,2024-09-22 08:00:00,2.75,490.0,22.0,13.86534351145038,0.6,0
1498,2024-09-22 09:00:00,1.9,475.0,21.9,13.888167938931296,0.6,0
1499,2024-09-22 10:00:00,1.85,464.0,21.9,13.910992366412213,0.6,0
1500,2024-09-22 11:00:00,1.94,461.0,21.8,13.93381679389313,0.6,0
1501,2024-09-22 12:00:00,2.07,455.0,21.8,13.956641221374046,0.6,0
1502,2024-09-22 13:00:00,2.28,448.0,21.9,13.979465648854962,0.6,0
1503,2024-09-22 14:00:00,2.04,446.0,21.8,14.002290076335877,0.6,0
1504,2024-09-22 15:00:00,2.23,454.0,21.8,14.025114503816793,0.6,0
1505,2024-09-22 17:00:00,2.42,488.0,21.6,14.04793893129771,0.6,0
1506,2024-09-22 18:00:00,2.11,468.0,21.9,14.070763358778624,0.6,0
1507,2024-09-22 19:00:00,1.5,449.0,22.5,14.09358778625954,0.6,0
1508,2024-09-22 20:00:00,1.5,454.0,22.7,14.116412213740457,0.7,0
1509,2024-09-22 21:00:00,1.5,442.0,22.8,14.139236641221373,0.7,0
1510,2024-09-22 22:00:00,1.5,440.0,22.9,14.16206106870229,0.7,0
1511,2024-09-22 23:00:00,1.5,433.0,23.0,14.184885496183206,0.7,0
1512,2024-09-23 00:00:00,1.79,424.0,23.1,14.207709923664122,0.7,0
1513,2024-09-23 01:00:00,1.95,423.0,23.1,14.230534351145037,0.7,0
1514,2024-09-23 02:00:00,1.5,417.0,23.1,14.253358778625953,0.7,0
1515,2024-09-23 03:00:00,1.5,414.0,22.9,14.27618320610687,0.7,0
1516,2024-09-23 04:00:00,1.5,416.0,22.8,14.299007633587784,0.7,0
1517,2024-09-23 05:00:00,1.5,455.0,22.0,14.3218320610687,0.7,0
1518,2024-09-23 06:00:00,1.5,468.0,21.8,14.344656488549617,0.7,0
1519,2024-09-23 07:00:00,1.69,473.0,21.7,14.367480916030534,0.7,0
1520,2024-09-23 08:00:00,2.47,468.0,21.7,14.39030534351145,0.7,0
1521,2024-09-23 09:00:00,1.99,456.0,21.7,14.413129770992366,0.7,0
1522,2024-09-23 10:00:00,1.92,447.0,21.7,14.435954198473283,0.7,0
1523,2024-09-23 11:00:00,2.21,446.0,21.8,14.458778625954197,0.7,0
1524,2024-09-23 12:00:00,2.37,444.0,21.8,14.481603053435114,0.7,0
1525,2024-09-23 13:00:00,2.1,447.0,21.8,14.504427480916029,0.7,0
1526,2024-09-23 14:00:00,2.25,445.0,21.7,14.527251908396945,0.7,0
1527,2024-09-23 15:00:00,2.1,447.0,21.6,14.550076335877861,0.7,0
1528,2024-09-23 16:00:00,2.1,463.0,21.5,14.572900763358778,0.7,0
1529,2024-09-23 17:00:00,2.1,475.0,21.5,14.595725190839694,0.7,0
1530,2024-09-23 18:00:00,2.0,437.0,22.0,14.61854961832061,0.7,0
1531,2024-09-23 19:00:00,1.5,425.0,22.2,14.641374045801527,0.7,0
1532,2024-09-23 20:00:00,1.5,426.0,22.2,14.664198473282442,0.7,0
1533,2024-09-23 21:00:00,1.5,423.0,22.2,14.687022900763358,0.7,0
1534,2024-09-23 22:00:00,1.5,422.0,22.4,14.709847328244274,0.7,0
1535,2024-09-23 23:00:00,1.5,423.0,22.3,14.732671755725189,0.7,0
1536,2024-09-24 00:00:00,1.5,426.0,22.3,14.755496183206105,0.7,0
1537,2024-09-24 01:00:00,1.5,419.0,22.3,14.778320610687022,0.7,0
1538,2024-09-24 02:00:00,1.5,417.0,22.3,14.801145038167938,0.7,0
1539,2024-09-24 03:00:00,1.5,449.0,21.7,14.823969465648855,0.7,0
1540,2024-09-24 04:00:00,1.94,446.0,21.5,14.846793893129771,0.7,0
1541,2024-09-24 07:00:00,1.84,461.0,21.5,14.869618320610687,0.7,0
1542,2024-09-24 08:00:00,2.21,455.0,21.5,14.892442748091602,0.7,0
1543,2024-09-24 09:00:00,1.9,445.0,21.5,14.915267175572518,0.7,0
1544,2024-09-24 10:00:00,1.9,437.0,21.5,14.938091603053435,0.7,0
1545,2024-09-24 11:00:00,2.37,437.0,21.4,14.96091603053435,0.3,0
1546,2024-09-24 12:00:00,1.97,439.0,21.4,14.983740458015266,0.3,0
1547,2024-09-24 13:00:00,2.17,441.0,21.3,15.006564885496182,0.3,0
1548,2024-09-24 14:00:00,1.9,438.0,21.2,15.029389312977099,0.3,0
1549,2024-09-24 15:00:00,1.9,437.0,21.1,15.052213740458015,0.2,0
1550,2024-09-24 16:00:00,1.9,448.0,20.9,15.075038167938931,0.3,0
1551,2024-09-24 17:00:00,1.9,456.0,20.7,15.097862595419848,0.4,1
1552,2024-09-24 18:00:00,1.68,438.0,21.1,15.120687022900762,0.2,0
1553,2024-09-24 19:00:00,1.76,467.0,20.7,15.143511450381679,0.4,1
1554,2024-09-24 20:00:00,1.67,459.0,20.4,15.166335877862593,0.5,1
1555,2024-09-24 21:00:00,1.83,438.0,20.8,15.18916030534351,0.4,1
1556,2024-09-24 22:00:00,1.43,427.0,21.2,15.211984732824426,0.3,0
1557,2024-09-24 23:00:00,1.8,418.0,21.2,15.234809160305343,0.3,0
1558,2024-09-25 00:00:00,1.68,422.0,21.1,15.257633587786259,0.2,0
1559,2024-09-25 01:00:00,1.34,427.0,21.2,15.280458015267175,0.3,0
1560,2024-09-25 02:00:00,1.67,422.0,21.1,15.303282442748092,0.2,0
1561,2024-09-25 03:00:00,1.68,443.0,20.5,15.326106870229006,0.5,1
1562,2024-09-25 04:00:00,1.8,435.0,20.5,15.348931297709923,0.5,1
1563,2024-09-25 05:00:00,1.7,430.0,20.4,15.37175572519084,0.5,1
1564,2024-09-25 06:00:00,1.78,433.0,20.4,15.394580152671754,0.5,1
1565,2024-09-25 07:00:00,1.6,444.0,20.5,15.41740458015267,0.5,1
1566,2024-09-25 08:00:00,2.67,437.0,20.6,15.440229007633587,0.4,1
1567,2024-09-25 09:00:00,1.8,437.0,20.5,15.463053435114503,0.5,1
1568,2024-09-25 10:00:00,1.8,433.0,20.6,15.48587786259542,0.4,1
1569,2024-09-25 11:00:00,1.8,430.0,20.6,15.508702290076336,0.4,1
1570,2024-09-25 12:00:00,1.8,430.0,20.6,15.531526717557252,0.4,1
1571,2024-09-25 13:00:00,1.8,432.0,20.6,15.554351145038167,0.4,1
1572,2024-09-25 14:00:00,1.8,431.0,20.5,15.577175572519083,0.5,1
1573,2024-09-25 15:00:00,1.98,430.0,20.4,15.6,0.5,1
1574,2024-09-25 16:00:00,1.8,437.0,20.4,16.0,0.5,1
1575,2024-09-25 17:00:00,1.92,465.0,20.3,15.5,0.6,1
1576,2024-09-25 18:00:00,1.51,451.0,20.5,15.2,0.5,1
1577,2024-09-25 19:00:00,1.3,445.0,20.9,15.7,0.3,0
1578,2024-09-25 20:00:00,1.61,430.0,21.0,15.2,0.2,0
1579,2024-09-25 21:00:00,1.4,415.0,21.0,15.2,0.2,0
1580,2024-09-25 22:00:00,1.51,416.0,21.1,15.4,0.2,0
1581,2024-09-25 23:00:00,1.49,414.0,21.2,15.4,0.3,0
1582,2024-09-26 00:00:00,1.4,445.0,21.2,14.8,0.3,0
1583,2024-09-26 01:00:00,1.35,424.0,21.5,14.4,0.7,0
1584,2024-09-26 02:00:00,1.6,410.0,21.6,14.0,0.6,0
1585,2024-09-26 03:00:00,1.54,442.0,21.0,13.8,0.1,0
1586,2024-09-26 04:00:00,1.9,447.0,20.8,13.9,0.3,0
1587,2024-09-26 05:00:00,1.65,434.0,20.7,13.9,0.4,0
1588,2024-09-26 06:00:00,1.93,445.0,20.7,13.3,0.4,0
1589,2024-09-26 07:00:00,1.51,449.0,20.7,13.8,0.4,1
1590,2024-09-26 08:00:00,2.95,438.0,20.7,14.3,0.4,1
1591,2024-09-26 09:00:00,1.6,437.0,20.7,14.7,0.4,1
1592,2024-09-26 10:00:00,1.6,435.0,20.7,15.9,0.4,1
1593,2024-09-26 11:00:00,2.02,432.0,20.6,16.5,0.4,1
1594,2024-09-26 12:00:00,1.83,435.0,20.6,17.8,0.4,1
1595,2024-09-26 13:00:00,1.88,434.0,20.6,15.9,0.4,1
1596,2024-09-26 14:00:00,1.76,431.0,20.5,16.5,0.5,1
1597,2024-09-26 15:00:00,1.83,430.0,20.4,16.6,0.5,1
1598,2024-09-26 16:00:00,0.862,430.0,20.4,15.0,0.5,1
1599,2024-09-26 17:00:00,1.5829999999999997,448.0,20.4,13.6,0.5,0
1600,2024-09-26 18:00:00,1.8,417.0,20.9,14.7,0.3,0
1601,2024-09-26 19:00:00,1.8,408.0,21.2,14.9,0.3,0
1602,2024-09-26 20:00:00,1.56,409.0,21.3,13.7,0.1,0
1603,2024-09-26 21:00:00,1.9,468.0,20.9,12.9,0.4,0
1604,2024-09-26 22:00:00,1.5,415.0,21.3,12.2,0.6,0
1605,2024-09-26 23:00:00,1.83,432.0,21.5,12.3,0.8,0
1606,2024-09-27 00:00:00,1.4,415.0,21.6,12.0,0.7,0
1607,2024-09-27 01:00:00,1.7,410.0,21.5,11.6,0.5,0
1608,2024-09-27 02:00:00,1.64,411.0,21.5,11.8,0.6,0
1609,2024-09-27 03:00:00,1.33,420.0,21.1,12.0,0.6,0
1610,2024-09-27 04:00:00,1.72,428.0,20.5,11.7,0.1,0
1611,2024-09-27 05:00:00,1.8,428.0,20.4,11.1,-0.1,0
1612,2024-09-27 06:00:00,1.83,438.0,20.3,10.6,0.1,0
1613,2024-09-27 07:00:00,1.51,437.0,20.4,10.3,0.0,0
1614,2024-09-27 08:00:00,2.36,431.0,20.4,10.600000000000001,0.1,0
1615,2024-09-27 09:00:00,1.5,426.0,20.4,10.9,0.2,0
1616,2024-09-27 10:00:00,1.96,424.0,20.3,11.200000000000001,0.5,0
